Time Stamp,ID,Extended,Dir,Bus,LEN,D1,D2,D3,D4,D5,D6,D7,D8
0,0000060D,false,Rx,0,8,0D,10,82,B6,09,20,70,00,
0,0000060D,false,Rx,0,8,0D,10,82,B6,09,20,70,00,
522000,00000625,false,Rx,0,8,25,10,58,86,01,54,5C,06,
0,00000054,false,Rx,0,8,00,00,FE,FF,FE,FF,00,00,
0,00000055,false,Rx,0,8,10,27,00,00,00,00,00,00,
524000,00000056,false,Rx,0,8,10,27,00,00,00,00,00,00,
524000,00000057,false,Rx,0,8,00,00,FE,FF,FE,FF,00,00,
533000,000002C4,false,Rx,0,8,02,00,00,00,25,02,00,00,
533000,000002C5,false,Rx,0,8,00,00,00,00,00,00,00,00,
534000,000002C6,false,Rx,0,8,32,00,7C,01,00,00,00,00,
574000,00000065,false,Rx,0,8,4D,02,01,00,00,00,00,00,
613000,0000060D,false,Rx,0,8,0D,10,82,B6,09,20,70,00,
622000,00000625,false,Rx,0,8,25,00,58,86,01,54,5C,06,
713000,0000060D,false,Rx,0,8,0D,10,82,B6,09,20,70,00,
722000,00000625,false,Rx,0,8,25,00,59,86,01,54,5C,06,
723000,00000054,false,Rx,0,8,00,00,FE,FF,4F,02,00,00,
723000,00000055,false,Rx,0,8,10,27,00,00,00,00,00,00,
723000,00000056,false,Rx,0,8,10,27,00,00,00,00,00,00,
724000,00000057,false,Rx,0,8,00,00,FE,FF,FE,FF,00,00,
724000,00000065,false,Rx,0,8,4D,02,01,00,00,00,00,00,
753000,000002C4,false,Rx,0,8,02,00,00,00,25,02,00,00,
753000,000002C5,false,Rx,0,8,00,00,00,00,00,00,00,00,
753000,000002C6,false,Rx,0,8,32,00,7C,01,00,00,00,00,
813000,0000060D,false,Rx,0,8,0D,10,82,B6,09,20,70,00,
822000,00000625,false,Rx,0,8,25,00,59,86,01,54,5C,06,
873000,00000065,false,Rx,0,8,4D,02,01,00,00,00,00,00,
913000,0000060D,false,Rx,0,8,0D,10,82,B6,09,20,70,00,
922000,00000625,false,Rx,0,8,25,00,59,86,01,54,5C,06,
922000,00000054,false,Rx,0,8,00,00,FE,FF,4F,02,00,00,
922000,00000055,false,Rx,0,8,10,27,00,00,00,00,00,00,
922000,00000056,false,Rx,0,8,10,27,00,00,00,00,00,00,
923000,00000057,false,Rx,0,8,00,00,FE,FF,FE,FF,00,00,
0,000002C4,false,Rx,0,8,02,00,00,00,25,02,00,00,
0,000002C5,false,Rx,0,8,00,00,00,00,00,00,00,00,
974000,000002C6,false,Rx,0,8,32,00,7C,01,00,00,00,00,
13000,0000060D,false,Rx,0,8,0D,10,82,B6,09,20,70,00,
22000,00000625,false,Rx,0,8,25,00,59,86,01,54,5C,06,
22000,00000065,false,Rx,0,8,4D,02,01,00,00,00,00,00,
113000,0000060D,false,Rx,0,8,0D,10,82,B6,09,20,70,00,
123000,00000625,false,Rx,0,8,25,00,59,86,01,54,5C,06,
123000,00000054,false,Rx,0,8,00,00,FE,FF,4F,02,00,00,
123000,00000055,false,Rx,0,8,10,27,00,00,00,00,00,00,
123000,00000056,false,Rx,0,8,10,27,00,00,00,00,00,00,
124000,00000057,false,Rx,0,8,00,00,FE,FF,FE,FF,00,00,
0,000002C4,false,Rx,0,8,02,00,00,00,25,02,00,00,
0,000002C5,false,Rx,0,8,00,00,00,00,00,00,00,00,
194000,000002C6,false,Rx,0,8,32,00,7C,01,00,00,00,00,
213000,0000060D,false,Rx,0,8,0D,10,82,B6,09,20,70,00,
223000,00000625,false,Rx,0,8,25,00,59,86,01,54,5C,06,
313000,0000060D,false,Rx,0,8,0D,10,82,B6,09,20,70,00,
322000,00000625,false,Rx,0,8,25,00,59,86,01,54,5C,06,
322000,00000054,false,Rx,0,8,00,00,FE,FF,4F,02,00,00,
323000,00000055,false,Rx,0,8,10,27,00,00,00,00,00,00,
323000,00000056,false,Rx,0,8,10,27,00,00,00,00,00,00,
323000,00000057,false,Rx,0,8,00,00,FE,FF,FE,FF,00,00,
413000,0000060D,false,Rx,0,8,0D,10,82,B6,09,20,70,00,
414000,000002C4,false,Rx,0,8,03,00,00,00,25,02,00,00,
414000,000002C5,false,Rx,0,8,00,00,00,00,00,00,00,00,
414000,000002C6,false,Rx,0,8,32,00,7C,01,00,00,00,00,
422000,00000625,false,Rx,0,8,25,00,59,86,01,54,5C,06,
512000,0000060D,false,Rx,0,8,0D,10,82,B6,09,20,70,00,
522000,00000625,false,Rx,0,8,25,00,59,86,01,54,5C,06,
522000,00000054,false,Rx,0,8,00,00,FE,FF,4F,02,00,00,
522000,00000055,false,Rx,0,8,10,27,00,00,00,00,00,00,
523000,00000056,false,Rx,0,8,10,27,00,00,00,00,00,00,
523000,00000057,false,Rx,0,8,00,00,FE,FF,FE,FF,00,00,
613000,0000060D,false,Rx,0,8,0D,10,82,B6,09,20,70,00,
622000,00000625,false,Rx,0,8,25,00,59,86,01,54,5C,06,
0,000002C4,false,Rx,0,8,03,00,00,00,25,02,00,00,
0,000002C5,false,Rx,0,8,00,00,00,00,00,00,00,00,
634000,000002C6,false,Rx,0,8,32,00,7C,01,00,00,00,00,
713000,0000060D,false,Rx,0,8,0D,10,82,B6,09,20,70,00,
0,00000625,false,Rx,0,8,25,00,59,86,01,54,5C,06,
0,00000054,false,Rx,0,8,00,00,FE,FF,4F,02,00,00,
723000,00000055,false,Rx,0,8,10,27,00,00,00,00,00,00,
723000,00000056,false,Rx,0,8,10,27,00,00,00,00,00,00,
724000,00000057,false,Rx,0,8,00,00,FE,FF,FE,FF,00,00,
813000,0000060D,false,Rx,0,8,0D,10,82,B6,09,20,70,00,
823000,00000625,false,Rx,0,8,25,00,59,86,01,54,5C,06,
853000,000002C4,false,Rx,0,8,03,00,00,00,25,02,00,00,
854000,000002C5,false,Rx,0,8,00,00,00,00,00,00,00,00,
854000,000002C6,false,Rx,0,8,32,00,7C,01,00,00,00,00,
913000,0000060D,false,Rx,0,8,0D,10,82,B6,09,20,70,00,
923000,00000625,false,Rx,0,8,25,00,59,86,01,54,5C,06,
923000,00000054,false,Rx,0,8,00,00,FE,FF,4F,02,00,00,
923000,00000055,false,Rx,0,8,10,27,00,00,00,00,00,00,
923000,00000056,false,Rx,0,8,10,27,00,00,00,00,00,00,
924000,00000057,false,Rx,0,8,00,00,FE,FF,FE,FF,00,00,
12000,0000060D,false,Rx,0,8,0D,10,82,B6,09,20,70,00,
22000,00000625,false,Rx,0,8,25,00,59,86,01,54,5C,06,
0,000002C4,false,Rx,0,8,03,00,00,00,25,02,00,00,
0,000002C5,false,Rx,0,8,00,00,00,00,00,00,00,00,
74000,000002C6,false,Rx,0,8,32,00,7C,01,00,00,00,00,
113000,0000060D,false,Rx,0,8,0D,10,82,B6,09,20,70,00,
0,00000625,false,Rx,0,8,25,00,59,86,01,54,5C,06,
0,00000054,false,Rx,0,8,00,00,FE,FF,4F,02,00,00,
122000,00000055,false,Rx,0,8,10,27,00,00,00,00,00,00,
122000,00000056,false,Rx,0,8,10,27,00,00,00,00,00,00,
123000,00000057,false,Rx,0,8,00,00,FE,FF,FE,FF,00,00,
213000,0000060D,false,Rx,0,8,0D,10,82,B6,09,20,70,00,
222000,00000625,false,Rx,0,8,25,00,59,86,01,54,5C,06,
293000,000002C4,false,Rx,0,8,03,00,00,00,25,02,00,00,
293000,000002C5,false,Rx,0,8,00,00,00,00,00,00,00,00,
294000,000002C6,false,Rx,0,8,32,00,7C,01,00,00,00,00,
312000,0000060D,false,Rx,0,8,0D,10,82,B6,09,20,70,00,
323000,00000625,false,Rx,0,8,25,00,59,86,01,54,5C,06,
323000,00000054,false,Rx,0,8,00,00,FE,FF,4F,02,00,00,
323000,00000055,false,Rx,0,8,10,27,00,00,00,00,00,00,
0,00000056,false,Rx,0,8,10,27,00,00,00,00,00,00,
0,00000057,false,Rx,0,8,00,00,FE,FF,FE,FF,00,00,
413000,0000060D,false,Rx,0,8,0D,10,82,B6,09,20,70,00,
422000,00000625,false,Rx,0,8,25,00,59,86,01,54,5C,06,
463000,0000005C,false,Rx,0,8,1E,00,1E,00,00,00,00,00,
463000,0000005F,false,Rx,0,8,1E,00,1E,00,00,00,00,00,
463000,00000062,false,Rx,0,8,12,00,00,00,00,00,00,F1,
463000,00000063,false,Rx,0,8,32,01,01,00,00,00,00,00,
464000,00000064,false,Rx,0,8,3C,00,05,00,C8,00,FF,03,
464000,00000066,false,Rx,0,8,00,00,00,00,00,00,00,00,
0,0000006D,false,Rx,0,8,12,00,00,00,00,00,00,F0,
0,0000010A,false,Rx,0,6,10,00,01,20,10,01,00,00,
473000,0000005D,false,Rx,0,8,00,00,00,00,00,00,FE,FF,
474000,0000005E,false,Rx,0,8,00,00,00,00,00,00,00,00,
474000,00000060,false,Rx,0,8,00,00,00,00,00,00,FE,FF,
474000,00000061,false,Rx,0,8,00,00,00,00,00,00,00,00,
474000,00000067,false,Rx,0,8,BE,3E,27,00,01,1E,00,00,
474000,00000068,false,Rx,0,8,BE,3E,27,00,01,1E,00,00,
0,00000069,false,Rx,0,8,BE,3E,27,00,01,1E,00,00,
0,0000006A,false,Rx,0,8,BE,3E,27,00,01,1E,00,00,
476000,0000006B,false,Rx,0,8,BE,3E,27,00,01,1E,00,00,
476000,0000006C,false,Rx,0,8,BE,3E,27,00,01,1E,00,00,
513000,0000060D,false,Rx,0,8,0D,10,82,B6,09,20,70,00,
513000,000002C4,false,Rx,0,8,03,00,00,00,26,02,00,00,
514000,000002C5,false,Rx,0,8,00,00,00,00,00,00,00,00,
514000,000002C6,false,Rx,0,8,32,00,7C,01,00,00,00,00,
522000,00000625,false,Rx,0,8,25,00,59,86,01,54,5C,06,
522000,00000054,false,Rx,0,8,00,00,FE,FF,4F,02,00,00,
523000,00000055,false,Rx,0,8,10,27,00,00,00,00,00,00,
523000,00000056,false,Rx,0,8,10,27,00,00,00,00,00,00,
523000,00000057,false,Rx,0,8,00,00,FE,FF,FE,FF,00,00,
0,0000005C,false,Rx,0,8,1E,00,1E,00,00,00,00,00,
0,0000005F,false,Rx,0,8,1E,00,1E,00,00,00,00,00,
613000,00000062,false,Rx,0,8,12,00,00,00,00,00,00,F1,
613000,00000063,false,Rx,0,8,32,01,01,00,00,00,00,00,
613000,00000064,false,Rx,0,8,3C,00,05,00,C8,00,FF,03,
613000,00000066,false,Rx,0,8,00,00,00,00,00,00,00,00,
614000,0000006D,false,Rx,0,8,12,00,00,00,00,00,00,F0,
614000,0000010A,false,Rx,0,6,10,00,01,20,10,01,00,00,
614000,0000060D,false,Rx,0,8,0D,10,82,B6,09,20,70,00,
622000,00000625,false,Rx,0,8,25,00,59,86,01,54,5C,06,
623000,0000005D,false,Rx,0,8,00,00,00,00,00,00,FE,FF,
623000,0000005E,false,Rx,0,8,00,00,00,00,00,00,00,00,
623000,00000060,false,Rx,0,8,00,00,00,00,00,00,FE,FF,
624000,00000061,false,Rx,0,8,00,00,00,00,00,00,00,00,
624000,00000067,false,Rx,0,8,BE,3E,27,00,01,1E,00,00,
624000,00000068,false,Rx,0,8,BE,3E,27,00,01,1E,00,00,
625000,00000069,false,Rx,0,8,BE,3E,27,00,01,1E,00,00,
625000,0000006A,false,Rx,0,8,BE,3E,27,00,01,1E,00,00,
625000,0000006B,false,Rx,0,8,BE,3E,27,00,01,1E,00,00,
625000,0000006C,false,Rx,0,8,BE,3E,27,00,01,1E,00,00,
712000,0000060D,false,Rx,0,8,0D,10,82,B6,09,20,70,00,
0,00000625,false,Rx,0,8,25,00,59,86,01,54,5C,06,
0,00000054,false,Rx,0,8,00,00,FE,FF,4F,02,00,00,
723000,00000055,false,Rx,0,8,10,27,00,00,00,00,00,00,
723000,00000056,false,Rx,0,8,10,27,00,00,00,00,00,00,
724000,00000057,false,Rx,0,8,00,00,FE,FF,FE,FF,00,00,
0,000002C4,false,Rx,0,8,03,00,00,00,26,02,00,00,
0,000002C5,false,Rx,0,8,00,00,00,00,00,00,00,00,
734000,000002C6,false,Rx,0,8,32,00,7C,01,00,00,00,00,
763000,0000005C,false,Rx,0,8,1E,00,1E,00,00,00,00,00,
763000,0000005F,false,Rx,0,8,1E,00,1E,00,00,00,00,00,
763000,00000062,false,Rx,0,8,12,00,00,00,00,00,00,F1,
764000,00000063,false,Rx,0,8,32,01,01,00,00,00,00,00,
0,00000064,false,Rx,0,8,3C,00,05,00,C8,00,FF,03,
0,00000066,false,Rx,0,8,00,00,00,00,00,00,00,00,
0,0000006D,false,Rx,0,8,12,00,00,00,00,00,00,F0,
0,0000010A,false,Rx,0,6,10,00,01,20,10,01,00,00,
772000,0000005D,false,Rx,0,8,00,00,00,00,00,00,FE,FF,
772000,0000005E,false,Rx,0,8,00,00,00,00,00,00,00,00,
772000,00000060,false,Rx,0,8,00,00,00,00,00,00,FE,FF,
773000,00000061,false,Rx,0,8,00,00,00,00,00,00,00,00,
0,00000067,false,Rx,0,8,BE,3E,27,00,01,1E,00,00,
0,00000068,false,Rx,0,8,BE,3E,27,00,01,1E,00,00,
0,00000069,false,Rx,0,8,BE,3E,27,00,01,1E,00,00,
0,0000006A,false,Rx,0,8,BE,3E,27,00,01,1E,00,00,
774000,0000006B,false,Rx,0,8,BE,3E,27,00,01,1E,00,00,
774000,0000006C,false,Rx,0,8,BE,3E,27,00,01,1E,00,00,
813000,0000060D,false,Rx,0,8,0D,10,82,B6,09,20,70,00,
822000,00000625,false,Rx,0,8,25,00,59,86,01,54,5C,06,
912000,0000005C,false,Rx,0,8,1E,00,1E,00,00,00,00,00,
912000,0000005F,false,Rx,0,8,1E,00,1E,00,00,00,00,00,
912000,00000062,false,Rx,0,8,12,00,00,00,00,00,00,F1,
913000,00000063,false,Rx,0,8,32,01,01,00,00,00,00,00,
913000,00000064,false,Rx,0,8,3C,00,05,00,C8,00,FF,03,
913000,00000066,false,Rx,0,8,00,00,00,00,00,00,00,00,
914000,0000006D,false,Rx,0,8,12,00,00,00,00,00,00,F0,
914000,0000010A,false,Rx,0,6,10,00,01,20,10,01,00,00,
914000,0000060D,false,Rx,0,8,0D,10,82,B6,09,20,70,00,
922000,00000625,false,Rx,0,8,25,00,59,86,01,54,5C,06,
922000,00000054,false,Rx,0,8,00,00,FE,FF,4F,02,00,00,
922000,00000055,false,Rx,0,8,10,27,00,00,00,00,00,00,
923000,00000056,false,Rx,0,8,10,27,00,00,00,00,00,00,
923000,00000057,false,Rx,0,8,00,00,FE,FF,FE,FF,00,00,
923000,0000005D,false,Rx,0,8,00,00,00,00,00,00,FE,FF,
924000,0000005E,false,Rx,0,8,00,00,00,00,00,00,00,00,
924000,00000060,false,Rx,0,8,00,00,00,00,00,00,FE,FF,
924000,00000061,false,Rx,0,8,00,00,00,00,00,00,00,00,
924000,00000067,false,Rx,0,8,BE,3E,27,00,01,1E,00,00,
0,00000068,false,Rx,0,8,BE,3E,27,00,01,1E,00,00,
0,00000069,false,Rx,0,8,BE,3E,27,00,01,1E,00,00,
925000,0000006A,false,Rx,0,8,BE,3E,27,00,01,1E,00,00,
925000,0000006B,false,Rx,0,8,BE,3E,27,00,01,1E,00,00,
926000,0000006C,false,Rx,0,8,BE,3E,27,00,01,1E,00,00,
0,000002C4,false,Rx,0,8,03,00,00,00,26,02,00,00,
0,000002C5,false,Rx,0,8,00,00,00,00,00,00,00,00,
0,000002C6,false,Rx,0,8,32,00,7C,01,00,00,00,00,
12000,0000060D,false,Rx,0,8,0D,10,82,B6,09,20,70,00,
22000,00000625,false,Rx,0,8,25,00,59,86,01,54,5C,06,
113000,0000060D,false,Rx,0,8,0D,10,82,B6,09,20,70,00,
0,00000625,false,Rx,0,8,25,00,59,86,01,54,5C,06,
0,00000054,false,Rx,0,8,00,00,FE,FF,4F,02,00,00,
122000,00000055,false,Rx,0,8,10,27,00,00,00,00,00,00,
122000,00000056,false,Rx,0,8,10,27,00,00,00,00,00,00,
123000,00000057,false,Rx,0,8,00,00,FE,FF,FE,FF,00,00,
0,000002C4,false,Rx,0,8,03,00,00,00,26,02,00,00,
0,000002C5,false,Rx,0,8,00,00,00,00,00,00,00,00,
175000,000002C6,false,Rx,0,8,32,00,7C,01,00,00,00,00,
213000,0000060D,false,Rx,0,8,0D,10,82,B6,09,20,70,00,
222000,00000625,false,Rx,0,8,25,00,59,86,01,54,5C,06,
313000,0000060D,false,Rx,0,8,0D,10,82,B6,09,20,70,00,
322000,00000625,false,Rx,0,8,25,00,59,86,01,54,5C,06,
322000,00000054,false,Rx,0,8,00,00,FE,FF,4F,02,00,00,
323000,00000055,false,Rx,0,8,10,27,00,00,00,00,00,00,
323000,00000056,false,Rx,0,8,10,27,00,00,00,00,00,00,
323000,00000057,false,Rx,0,8,00,00,FE,FF,FE,FF,00,00,
393000,000002C4,false,Rx,0,8,03,00,00,00,26,02,00,00,
393000,000002C5,false,Rx,0,8,00,00,00,00,00,00,00,00,
394000,000002C6,false,Rx,0,8,32,00,7C,01,00,00,00,00,
412000,0000060D,false,Rx,0,8,0D,10,82,B6,09,20,70,00,
422000,00000625,false,Rx,0,8,25,00,59,86,01,54,5C,06,
513000,0000060D,false,Rx,0,8,0D,10,82,B6,09,20,70,00,
522000,00000625,false,Rx,0,8,25,00,59,86,01,54,5C,06,
522000,00000054,false,Rx,0,8,00,00,FE,FF,4F,02,00,00,
522000,00000055,false,Rx,0,8,10,27,00,00,00,00,00,00,
523000,00000056,false,Rx,0,8,10,27,00,00,00,00,00,00,
523000,00000057,false,Rx,0,8,00,00,FE,FF,FE,FF,00,00,
612000,0000060D,false,Rx,0,8,0D,10,82,B6,09,20,70,00,
613000,000002C4,false,Rx,0,8,03,00,00,00,26,02,00,00,
613000,000002C5,false,Rx,0,8,00,00,00,00,00,00,00,00,
614000,000002C6,false,Rx,0,8,32,00,7C,01,00,00,00,00,
622000,00000625,false,Rx,0,8,25,00,59,86,01,54,5C,06,
713000,0000060D,false,Rx,0,8,0D,10,82,B6,09,20,70,00,
723000,00000625,false,Rx,0,8,25,00,59,86,01,54,5C,06,
723000,00000054,false,Rx,0,8,00,00,FE,FF,4F,02,00,00,
723000,00000055,false,Rx,0,8,10,27,00,00,00,00,00,00,
723000,00000056,false,Rx,0,8,10,27,00,00,00,00,00,00,
724000,00000057,false,Rx,0,8,00,00,FE,FF,FE,FF,00,00,
813000,0000060D,false,Rx,0,8,0D,10,82,B6,09,20,70,00,
822000,00000625,false,Rx,0,8,25,00,59,86,01,54,5C,06,
0,000002C4,false,Rx,0,8,03,00,00,00,26,02,00,00,
0,000002C5,false,Rx,0,8,00,00,00,00,00,00,00,00,
833000,000002C6,false,Rx,0,8,32,00,7C,01,00,00,00,00,
913000,0000060D,false,Rx,0,8,0D,10,82,B6,09,20,70,00,
922000,00000625,false,Rx,0,8,25,00,59,86,01,54,5C,06,
923000,00000054,false,Rx,0,8,00,00,FE,FF,4F,02,00,00,
923000,00000055,false,Rx,0,8,10,27,00,00,00,00,00,00,
923000,00000056,false,Rx,0,8,10,27,00,00,00,00,00,00,
924000,00000057,false,Rx,0,8,00,00,FE,FF,FE,FF,00,00,
12000,0000060D,false,Rx,0,8,0D,10,82,B6,09,20,70,00,
22000,00000625,false,Rx,0,8,25,00,59,86,01,54,5C,06,
53000,000002C4,false,Rx,0,8,03,00,00,00,26,02,00,00,
53000,000002C5,false,Rx,0,8,00,00,00,00,00,00,00,00,
53000,000002C6,false,Rx,0,8,32,00,7C,01,00,00,00,00,
113000,0000060D,false,Rx,0,8,0D,10,82,B6,09,20,70,00,
0,00000625,false,Rx,0,8,25,00,59,86,01,54,5C,06,
0,00000054,false,Rx,0,8,00,00,FE,FF,4F,02,00,00,
123000,00000055,false,Rx,0,8,10,27,00,00,00,00,00,00,
123000,00000056,false,Rx,0,8,10,27,00,00,00,00,00,00,
124000,00000057,false,Rx,0,8,00,00,FE,FF,FE,FF,00,00,
213000,0000060D,false,Rx,0,8,0D,10,82,B6,09,20,70,00,
223000,00000625,false,Rx,0,8,25,00,59,86,01,54,5C,06,
273000,000002C4,false,Rx,0,8,03,00,00,00,26,02,00,00,
274000,000002C5,false,Rx,0,8,00,00,00,00,00,00,00,00,
274000,000002C6,false,Rx,0,8,32,00,7C,01,00,00,00,00,
312000,0000060D,false,Rx,0,8,0D,10,82,B6,09,20,70,00,
323000,00000625,false,Rx,0,8,25,00,59,86,01,54,5C,06,
323000,00000054,false,Rx,0,8,00,00,FE,FF,4F,02,00,00,
323000,00000055,false,Rx,0,8,10,27,00,00,00,00,00,00,
323000,00000056,false,Rx,0,8,10,27,00,00,00,00,00,00,
324000,00000057,false,Rx,0,8,00,00,FE,FF,FE,FF,00,00,
413000,0000060D,false,Rx,0,8,0D,10,82,B6,09,20,70,00,
422000,00000625,false,Rx,0,8,25,00,59,86,01,54,5C,06,
0,000002C4,false,Rx,0,8,03,00,00,00,26,02,00,00,
0,000002C5,false,Rx,0,8,00,00,00,00,00,00,00,00,
494000,000002C6,false,Rx,0,8,32,00,7C,01,00,00,00,00,
513000,0000060D,false,Rx,0,8,0D,10,82,B6,09,20,70,00,
522000,00000625,false,Rx,0,8,25,00,59,86,01,54,5C,06,
523000,00000054,false,Rx,0,8,00,00,FE,FF,4F,02,00,00,
0,00000055,false,Rx,0,8,10,27,00,00,00,00,00,00,
0,00000056,false,Rx,0,8,10,27,00,00,00,00,00,00,
524000,00000057,false,Rx,0,8,00,00,FE,FF,FE,FF,00,00,
524000,0000060D,false,Rx,0,8,0D,11,82,B6,09,20,70,00,
622000,0000060D,false,Rx,0,8,0D,11,82,B6,09,20,70,00,
666000,00000625,false,Rx,0,8,25,00,59,86,01,54,5C,06,
0,000002C4,false,Rx,0,8,03,00,00,00,26,02,00,00,
0,000002C5,false,Rx,0,8,00,00,00,00,00,00,00,00,
714000,000002C6,false,Rx,0,8,32,00,7C,01,00,00,00,00,
722000,00000054,false,Rx,0,8,00,00,FE,FF,4F,02,00,00,
723000,00000055,false,Rx,0,8,10,27,00,00,00,00,00,00,
723000,00000056,false,Rx,0,8,10,27,00,00,00,00,00,00,
723000,00000057,false,Rx,0,8,00,00,FE,FF,FE,FF,00,00,
723000,0000060D,false,Rx,0,8,0D,11,82,B6,09,20,70,00,
766000,00000625,false,Rx,0,8,25,00,59,86,01,54,5C,06,
823000,0000060D,false,Rx,0,8,0D,11,82,B6,09,20,70,00,
867000,00000625,false,Rx,0,8,25,00,59,86,01,54,5C,06,
0,00000054,false,Rx,0,8,00,00,FE,FF,4F,02,00,00,
0,00000055,false,Rx,0,8,10,27,00,00,00,00,00,00,
923000,00000056,false,Rx,0,8,10,27,00,00,00,00,00,00,
923000,00000057,false,Rx,0,8,00,00,FE,FF,FE,FF,00,00,
923000,0000060D,false,Rx,0,8,0D,11,82,B6,09,20,70,00,
933000,000002C4,false,Rx,0,8,03,00,00,00,26,02,00,00,
934000,000002C5,false,Rx,0,8,00,00,00,00,00,00,00,00,
934000,000002C6,false,Rx,0,8,32,00,7C,01,00,00,00,00,
967000,00000625,false,Rx,0,8,25,00,59,86,01,54,5C,06,
22000,0000060D,false,Rx,0,8,0D,11,82,B6,09,20,70,00,
66000,00000625,false,Rx,0,8,25,00,59,86,01,54,5C,06,
122000,00000054,false,Rx,0,8,00,00,FE,FF,4F,02,00,00,
122000,00000055,false,Rx,0,8,10,27,00,00,00,00,00,00,
123000,00000056,false,Rx,0,8,10,27,00,00,00,00,00,00,
123000,00000057,false,Rx,0,8,00,00,FE,FF,FE,FF,00,00,
123000,0000060D,false,Rx,0,8,0D,11,82,B6,09,20,70,00,
154000,000002C4,false,Rx,0,8,03,00,00,00,26,02,00,00,
154000,000002C5,false,Rx,0,8,00,00,00,00,00,00,00,00,
154000,000002C6,false,Rx,0,8,32,00,7C,01,00,00,00,00,
166000,00000625,false,Rx,0,8,25,00,59,86,01,54,5C,06,
222000,0000060D,false,Rx,0,8,0D,11,82,B6,09,20,70,00,
266000,00000625,false,Rx,0,8,25,00,59,86,01,54,5C,06,
0,00000054,false,Rx,0,8,00,00,FE,FF,4F,02,00,00,
0,00000055,false,Rx,0,8,10,27,00,00,00,00,00,00,
0,00000056,false,Rx,0,8,10,27,00,00,00,00,00,00,
0,00000057,false,Rx,0,8,00,00,FE,FF,FE,FF,00,00,
0,0000060D,false,Rx,0,8,0D,11,82,B6,09,20,70,00,
366000,00000625,false,Rx,0,8,25,00,59,86,01,54,5C,06,
373000,000002C4,false,Rx,0,8,03,00,00,00,26,02,00,00,
374000,000002C5,false,Rx,0,8,00,00,00,00,00,00,00,00,
374000,000002C6,false,Rx,0,8,32,00,7C,01,00,00,00,00,
422000,0000060D,false,Rx,0,8,0D,11,82,B6,09,20,70,00,
467000,00000625,false,Rx,0,8,25,00,59,86,01,54,5C,06,
522000,00000054,false,Rx,0,8,00,00,FE,FF,4F,02,00,00,
522000,00000055,false,Rx,0,8,10,27,00,00,00,00,00,00,
0,00000056,false,Rx,0,8,10,27,00,00,00,00,00,00,
0,00000057,false,Rx,0,8,00,00,FE,FF,FE,FF,00,00,
523000,0000060D,false,Rx,0,8,0D,11,82,B6,09,20,70,00,
567000,00000625,false,Rx,0,8,25,00,59,86,01,54,5C,06,
593000,000002C4,false,Rx,0,8,03,00,00,00,26,02,00,00,
594000,000002C5,false,Rx,0,8,00,00,00,00,00,00,00,00,
594000,000002C6,false,Rx,0,8,32,00,7C,01,00,00,00,00,
623000,0000060D,false,Rx,0,8,0D,11,82,B6,09,20,70,00,
667000,00000625,false,Rx,0,8,25,00,59,86,01,54,5C,06,
0,00000054,false,Rx,0,8,00,00,FE,FF,4F,02,00,00,
0,00000055,false,Rx,0,8,10,27,00,00,00,00,00,00,
723000,00000056,false,Rx,0,8,10,27,00,00,00,00,00,00,
723000,00000057,false,Rx,0,8,00,00,FE,FF,FE,FF,00,00,
723000,0000060D,false,Rx,0,8,0D,11,82,B6,09,20,70,00,
766000,00000625,false,Rx,0,8,25,00,59,86,01,54,5C,06,
813000,000002C4,false,Rx,0,8,03,00,00,00,26,02,00,00,
813000,000002C5,false,Rx,0,8,00,00,00,00,00,00,00,00,
813000,000002C6,false,Rx,0,8,32,00,7C,01,00,00,00,00,
823000,0000060D,false,Rx,0,8,0D,11,82,B6,09,20,70,00,
866000,00000625,false,Rx,0,8,25,00,59,86,01,54,5C,06,
922000,00000054,false,Rx,0,8,00,00,FE,FF,4F,02,00,00,
922000,00000055,false,Rx,0,8,10,27,00,00,00,00,00,00,
0,00000056,false,Rx,0,8,10,27,00,00,00,00,00,00,
0,00000057,false,Rx,0,8,00,00,FE,FF,FE,FF,00,00,
923000,0000060D,false,Rx,0,8,0D,11,82,B6,09,20,70,00,
967000,00000625,false,Rx,0,8,25,00,59,86,01,54,5C,06,
23000,0000060D,false,Rx,0,8,0D,11,82,B6,09,20,70,00,
33000,000002C4,false,Rx,0,8,03,00,00,00,26,02,00,00,
34000,000002C5,false,Rx,0,8,00,00,00,00,00,00,00,00,
34000,000002C6,false,Rx,0,8,32,00,7C,01,00,00,00,00,
66000,00000625,false,Rx,0,8,25,00,59,86,01,54,5C,06,
0,00000054,false,Rx,0,8,00,00,FE,FF,4F,02,00,00,
0,00000055,false,Rx,0,8,10,27,00,00,00,00,00,00,
123000,00000056,false,Rx,0,8,10,27,00,00,00,00,00,00,
124000,00000057,false,Rx,0,8,00,00,FE,FF,FE,FF,00,00,
124000,0000060D,false,Rx,0,8,0D,11,82,B6,09,20,70,00,
167000,00000625,false,Rx,0,8,25,00,59,86,01,54,5C,06,
223000,0000060D,false,Rx,0,8,0D,11,82,B6,09,20,70,00,
253000,000002C4,false,Rx,0,8,03,00,00,00,26,02,00,00,
253000,000002C5,false,Rx,0,8,00,00,00,00,00,00,00,00,
254000,000002C6,false,Rx,0,8,32,00,7C,01,00,00,00,00,
266000,00000625,false,Rx,0,8,25,00,59,86,01,54,5C,06,
0,00000054,false,Rx,0,8,00,00,FE,FF,4F,02,00,00,
0,00000055,false,Rx,0,8,10,27,00,00,00,00,00,00,
322000,00000056,false,Rx,0,8,10,27,00,00,00,00,00,00,
0,00000057,false,Rx,0,8,00,00,FE,FF,FE,FF,00,00,
0,0000060D,false,Rx,0,8,0D,11,82,B6,09,20,70,00,
366000,00000625,false,Rx,0,8,25,00,59,86,01,54,5C,06,
423000,0000060D,false,Rx,0,8,0D,11,82,B6,09,20,70,00,
466000,00000625,false,Rx,0,8,25,00,59,86,01,54,5C,06,
473000,000002C4,false,Rx,0,8,03,00,00,00,26,02,00,00,
473000,000002C5,false,Rx,0,8,00,00,00,00,00,00,00,00,
473000,000002C6,false,Rx,0,8,32,00,7C,01,00,00,00,00,
522000,00000054,false,Rx,0,8,00,00,FE,FF,4F,02,00,00,
522000,00000055,false,Rx,0,8,10,27,00,00,00,00,00,00,
522000,00000056,false,Rx,0,8,10,27,00,00,00,00,00,00,
523000,00000057,false,Rx,0,8,00,00,FE,FF,FE,FF,00,00,
523000,0000060D,false,Rx,0,8,0D,11,82,B6,09,20,70,00,
567000,00000625,false,Rx,0,8,25,00,59,86,01,54,5C,06,
623000,0000060D,false,Rx,0,8,0D,11,82,B6,09,20,70,00,
667000,00000625,false,Rx,0,8,25,00,59,86,01,54,5C,06,
693000,000002C4,false,Rx,0,8,03,00,00,00,26,02,00,00,
694000,000002C5,false,Rx,0,8,00,00,00,00,00,00,00,00,
694000,000002C6,false,Rx,0,8,32,00,7C,01,00,00,00,00,
0,00000054,false,Rx,0,8,00,00,FE,FF,4F,02,00,00,
0,00000055,false,Rx,0,8,10,27,00,00,00,00,00,00,
724000,00000056,false,Rx,0,8,10,27,00,00,00,00,00,00,
724000,00000057,false,Rx,0,8,00,00,FE,FF,FE,FF,00,00,
724000,0000060D,false,Rx,0,8,0D,11,82,B6,09,20,70,00,
767000,00000625,false,Rx,0,8,25,00,59,86,01,54,5C,06,
822000,0000060D,false,Rx,0,8,0D,11,82,B6,09,20,70,00,
866000,00000625,false,Rx,0,8,25,00,59,86,01,54,5C,06,
913000,000002C4,false,Rx,0,8,03,00,00,00,26,02,00,00,
914000,000002C5,false,Rx,0,8,00,00,00,00,00,00,00,00,
914000,000002C6,false,Rx,0,8,32,00,7C,01,00,00,00,00,
0,00000054,false,Rx,0,8,00,00,FE,FF,4F,02,00,00,
0,00000055,false,Rx,0,8,10,27,00,00,00,00,00,00,
923000,00000056,false,Rx,0,8,10,27,00,00,00,00,00,00,
923000,00000057,false,Rx,0,8,00,00,FE,FF,FE,FF,00,00,
923000,0000060D,false,Rx,0,8,0D,11,82,B6,09,20,70,00,
966000,00000625,false,Rx,0,8,25,00,59,86,01,54,5C,06,
22000,0000060D,false,Rx,0,8,0D,11,82,B6,09,20,70,00,
66000,00000625,false,Rx,0,8,25,00,59,86,01,54,5C,06,
0,00000054,false,Rx,0,8,00,00,FE,FF,4F,02,00,00,
0,00000055,false,Rx,0,8,10,27,00,00,00,00,00,00,
123000,00000056,false,Rx,0,8,10,27,00,00,00,00,00,00,
123000,00000057,false,Rx,0,8,00,00,FE,FF,FE,FF,00,00,
123000,0000060D,false,Rx,0,8,0D,11,82,B6,09,20,70,00,
134000,000002C4,false,Rx,0,8,03,00,00,00,26,02,00,00,
134000,000002C5,false,Rx,0,8,00,00,00,00,00,00,00,00,
134000,000002C6,false,Rx,0,8,32,00,7C,01,00,00,00,00,
167000,00000625,false,Rx,0,8,25,00,59,86,01,54,5C,06,
223000,0000060D,false,Rx,0,8,0D,11,82,B6,09,20,70,00,
266000,00000625,false,Rx,0,8,25,00,59,86,01,54,5C,06,
323000,00000054,false,Rx,0,8,00,00,FE,FF,4F,02,00,00,
323000,00000055,false,Rx,0,8,10,27,00,00,00,00,00,00,
323000,00000056,false,Rx,0,8,10,27,00,00,00,00,00,00,
323000,00000057,false,Rx,0,8,00,00,FE,FF,FE,FF,00,00,
324000,0000060D,false,Rx,0,8,0D,11,82,B6,09,20,70,00,
353000,000002C4,false,Rx,0,8,03,00,00,00,26,02,00,00,
354000,000002C5,false,Rx,0,8,00,00,00,00,00,00,00,00,
354000,000002C6,false,Rx,0,8,32,00,7C,01,00,00,00,00,
366000,00000625,false,Rx,0,8,25,00,59,86,01,54,5C,06,
423000,0000060D,false,Rx,0,8,0D,11,82,B6,09,20,70,00,
466000,00000625,false,Rx,0,8,25,00,59,86,01,54,5C,06,
522000,00000054,false,Rx,0,8,00,00,FE,FF,4F,02,00,00,
522000,00000055,false,Rx,0,8,10,27,00,00,00,00,00,00,
523000,00000056,false,Rx,0,8,10,27,00,00,00,00,00,00,
0,00000057,false,Rx,0,8,00,00,FE,FF,FE,FF,00,00,
0,0000060D,false,Rx,0,8,0D,11,82,B6,09,20,70,00,
567000,00000625,false,Rx,0,8,25,00,59,86,01,54,5C,06,
574000,000002C4,false,Rx,0,8,03,00,00,00,26,02,00,00,
574000,000002C5,false,Rx,0,8,00,00,00,00,00,00,00,00,
574000,000002C6,false,Rx,0,8,32,00,7C,01,00,00,00,00,
623000,0000060D,false,Rx,0,8,0D,11,82,B6,09,20,70,00,
667000,00000625,false,Rx,0,8,25,00,59,86,01,54,5C,06,
722000,00000054,false,Rx,0,8,00,00,FE,FF,4F,02,00,00,
723000,00000055,false,Rx,0,8,10,27,00,00,00,00,00,00,
723000,00000056,false,Rx,0,8,10,27,00,00,00,00,00,00,
723000,00000057,false,Rx,0,8,00,00,FE,FF,FE,FF,00,00,
723000,0000060D,false,Rx,0,8,0D,11,82,B6,09,20,70,00,
766000,00000625,false,Rx,0,8,25,00,59,86,01,54,5C,06,
793000,000002C4,false,Rx,0,8,03,00,00,00,26,02,00,00,
794000,000002C5,false,Rx,0,8,00,00,00,00,00,00,00,00,
794000,000002C6,false,Rx,0,8,32,00,7C,01,00,00,00,00,
823000,0000060D,false,Rx,0,8,0D,11,82,B6,09,20,70,00,
866000,00000625,false,Rx,0,8,25,00,59,86,01,54,5C,06,
923000,00000054,false,Rx,0,8,00,00,FE,FF,4F,02,00,00,
923000,00000055,false,Rx,0,8,10,27,00,00,00,00,00,00,
923000,00000056,false,Rx,0,8,10,27,00,00,00,00,00,00,
923000,00000057,false,Rx,0,8,00,00,FE,FF,FE,FF,00,00,
923000,0000060D,false,Rx,0,8,0D,11,82,B6,09,20,70,00,
966000,00000625,false,Rx,0,8,25,00,59,86,01,54,5C,06,
13000,000002C4,false,Rx,0,8,03,00,00,00,26,02,00,00,
13000,000002C5,false,Rx,0,8,00,00,00,00,00,00,00,00,
14000,000002C6,false,Rx,0,8,32,00,7C,01,00,00,00,00,
22000,0000060D,false,Rx,0,8,0D,11,82,B6,09,20,70,00,
67000,00000625,false,Rx,0,8,25,00,59,86,01,54,5C,06,
123000,00000054,false,Rx,0,8,00,00,FE,FF,4F,02,00,00,
123000,00000055,false,Rx,0,8,10,27,00,00,00,00,00,00,
123000,00000056,false,Rx,0,8,10,27,00,00,00,00,00,00,
123000,00000057,false,Rx,0,8,00,00,FE,FF,FE,FF,00,00,
123000,0000060D,false,Rx,0,8,0D,11,82,B6,09,20,70,00,
166000,00000625,false,Rx,0,8,25,00,59,86,01,54,5C,06,
223000,0000060D,false,Rx,0,8,0D,11,82,B6,09,20,70,00,
234000,000002C4,false,Rx,0,8,03,00,00,00,26,02,00,00,
234000,000002C5,false,Rx,0,8,00,00,00,00,00,00,00,00,
234000,000002C6,false,Rx,0,8,32,00,7C,01,00,00,00,00,
266000,00000625,false,Rx,0,8,25,00,59,86,01,54,5C,06,
322000,00000054,false,Rx,0,8,00,00,FE,FF,4F,02,00,00,
322000,00000055,false,Rx,0,8,10,27,00,00,00,00,00,00,
323000,00000056,false,Rx,0,8,10,27,00,00,00,00,00,00,
323000,00000057,false,Rx,0,8,00,00,FE,FF,FE,FF,00,00,
323000,0000060D,false,Rx,0,8,0D,11,82,B6,09,20,70,00,
366000,00000625,false,Rx,0,8,25,00,59,86,01,54,5C,06,
423000,0000060D,false,Rx,0,8,0D,11,82,B6,09,20,70,00,
453000,000002C4,false,Rx,0,8,03,00,00,00,26,02,00,00,
454000,000002C5,false,Rx,0,8,00,00,00,00,00,00,00,00,
454000,000002C6,false,Rx,0,8,32,00,7C,01,00,00,00,00,
467000,00000625,false,Rx,0,8,25,00,59,86,01,54,5C,06,
523000,00000054,false,Rx,0,8,00,00,FE,FF,4F,02,00,00,
0,00000055,false,Rx,0,8,10,27,00,00,00,00,00,00,
0,00000056,false,Rx,0,8,10,27,00,00,00,00,00,00,
524000,00000057,false,Rx,0,8,00,00,FE,FF,FE,FF,00,00,
524000,0000060D,false,Rx,0,8,0D,10,82,B6,09,20,70,00,
533000,0000060D,false,Rx,0,8,0D,11,82,B6,09,20,70,00,
633000,0000060D,false,Rx,0,8,0D,11,82,B6,09,20,70,00,
0,000002C4,false,Rx,0,8,03,00,00,00,26,02,00,00,
0,000002C5,false,Rx,0,8,00,00,00,00,00,00,00,00,
674000,000002C6,false,Rx,0,8,32,00,7C,01,00,00,00,00,
676000,00000625,false,Rx,0,8,25,00,59,86,01,54,5C,06,
0,00000054,false,Rx,0,8,00,00,FE,FF,4F,02,00,00,
0,00000055,false,Rx,0,8,10,27,00,00,00,00,00,00,
723000,00000056,false,Rx,0,8,10,27,00,00,00,00,00,00,
724000,00000057,false,Rx,0,8,00,00,FE,FF,FE,FF,00,00,
733000,0000060D,false,Rx,0,8,0D,11,82,B6,09,20,70,00,
775000,00000625,false,Rx,0,8,25,00,59,86,01,54,5C,06,
832000,0000060D,false,Rx,0,8,0D,11,82,B6,09,20,70,00,
875000,00000625,false,Rx,0,8,25,00,59,86,01,54,5C,06,
893000,000002C4,false,Rx,0,8,03,00,00,00,26,02,00,00,
893000,000002C5,false,Rx,0,8,00,00,00,00,00,00,00,00,
894000,000002C6,false,Rx,0,8,32,00,7C,01,00,00,00,00,
0,00000054,false,Rx,0,8,00,00,FE,FF,4F,02,00,00,
0,00000055,false,Rx,0,8,10,27,00,00,00,00,00,00,
0,00000056,false,Rx,0,8,10,27,00,00,00,00,00,00,
924000,00000057,false,Rx,0,8,00,00,FE,FF,FE,FF,00,00,
933000,0000060D,false,Rx,0,8,0D,11,82,B6,09,20,70,00,
976000,00000625,false,Rx,0,8,25,00,59,86,01,54,5C,06,
32000,0000060D,false,Rx,0,8,0D,11,82,B6,09,20,70,00,
75000,00000625,false,Rx,0,8,25,00,59,86,01,54,5C,06,
113000,000002C4,false,Rx,0,8,03,00,00,00,27,02,00,00,
114000,000002C5,false,Rx,0,8,00,00,00,00,00,00,00,00,
114000,000002C6,false,Rx,0,8,32,00,7C,01,00,00,00,00,
122000,00000054,false,Rx,0,8,00,00,FE,FF,4F,02,00,00,
123000,00000055,false,Rx,0,8,10,27,00,00,00,00,00,00,
123000,00000056,false,Rx,0,8,10,27,00,00,00,00,00,00,
123000,00000057,false,Rx,0,8,00,00,FE,FF,FE,FF,00,00,
133000,0000060D,false,Rx,0,8,0D,11,82,B6,09,20,70,00,
175000,00000625,false,Rx,0,8,25,00,59,86,01,54,5C,06,
233000,0000060D,false,Rx,0,8,0D,11,82,B6,09,20,70,00,
275000,00000625,false,Rx,0,8,25,00,59,86,01,54,5C,06,
323000,00000054,false,Rx,0,8,00,00,FE,FF,4F,02,00,00,
323000,00000055,false,Rx,0,8,10,27,00,00,00,00,00,00,
323000,00000056,false,Rx,0,8,10,27,00,00,00,00,00,00,
323000,00000057,false,Rx,0,8,00,00,FE,FF,FE,FF,00,00,
333000,0000060D,false,Rx,0,8,0D,11,82,B6,09,20,70,00,
333000,000002C4,false,Rx,0,8,03,00,00,00,27,02,00,00,
334000,000002C5,false,Rx,0,8,00,00,00,00,00,00,00,00,
334000,000002C6,false,Rx,0,8,32,00,7C,01,00,00,00,00,
376000,00000625,false,Rx,0,8,25,00,59,86,01,54,5C,06,
433000,0000060D,false,Rx,0,8,0D,11,82,B6,09,20,70,00,
475000,00000625,false,Rx,0,8,25,00,59,86,01,54,5C,06,
0,00000054,false,Rx,0,8,00,00,FE,FF,4F,02,00,00,
0,00000055,false,Rx,0,8,10,27,00,00,00,00,00,00,
523000,00000056,false,Rx,0,8,10,27,00,00,00,00,00,00,
523000,00000057,false,Rx,0,8,00,00,FE,FF,FE,FF,00,00,
533000,0000060D,false,Rx,0,8,0D,11,82,B6,09,20,70,00,
553000,000002C4,false,Rx,0,8,03,00,00,00,27,02,00,00,
554000,000002C5,false,Rx,0,8,00,00,00,00,00,00,00,00,
554000,000002C6,false,Rx,0,8,32,00,7C,01,00,00,00,00,
575000,00000625,false,Rx,0,8,25,00,59,86,01,54,5C,06,
633000,0000060D,false,Rx,0,8,0D,11,82,B6,09,20,70,00,
675000,00000625,false,Rx,0,8,25,00,59,86,01,54,5C,06,
723000,00000054,false,Rx,0,8,00,00,FE,FF,4F,02,00,00,
723000,00000055,false,Rx,0,8,10,27,00,00,00,00,00,00,
723000,00000056,false,Rx,0,8,10,27,00,00,00,00,00,00,
723000,00000057,false,Rx,0,8,00,00,FE,FF,FE,FF,00,00,
732000,0000060D,false,Rx,0,8,0D,11,82,B6,09,20,70,00,
773000,000002C4,false,Rx,0,8,03,00,00,00,27,02,00,00,
0,000002C5,false,Rx,0,8,00,00,00,00,00,00,00,00,
0,000002C6,false,Rx,0,8,32,00,7C,01,00,00,00,00,
775000,00000625,false,Rx,0,8,25,00,59,86,01,54,5C,06,
833000,0000060D,false,Rx,0,8,0D,11,82,B6,09,20,70,00,
875000,00000625,false,Rx,0,8,25,00,59,86,01,54,5C,06,
0,00000054,false,Rx,0,8,00,00,FE,FF,4F,02,00,00,
0,00000055,false,Rx,0,8,10,27,00,00,00,00,00,00,
923000,00000056,false,Rx,0,8,10,27,00,00,00,00,00,00,
923000,00000057,false,Rx,0,8,00,00,FE,FF,FE,FF,00,00,
933000,0000060D,false,Rx,0,8,0D,11,82,B6,09,20,70,00,
976000,00000625,false,Rx,0,8,25,00,59,86,01,54,5C,06,
0,000002C4,false,Rx,0,8,03,00,00,00,27,02,00,00,
0,000002C5,false,Rx,0,8,00,00,00,00,00,00,00,00,
994000,000002C6,false,Rx,0,8,32,00,7C,01,00,00,00,00,
33000,0000060D,false,Rx,0,8,0D,11,82,B6,09,20,70,00,
75000,00000625,false,Rx,0,8,25,00,59,86,01,54,5C,06,
123000,00000054,false,Rx,0,8,00,00,FE,FF,4F,02,00,00,
0,00000055,false,Rx,0,8,10,27,00,00,00,00,00,00,
0,00000056,false,Rx,0,8,10,27,00,00,00,00,00,00,
123000,00000057,false,Rx,0,8,00,00,FE,FF,FE,FF,00,00,
133000,0000060D,false,Rx,0,8,0D,11,82,B6,09,20,70,00,
176000,00000625,false,Rx,0,8,25,00,59,86,01,54,5C,06,
0,000002C4,false,Rx,0,8,03,00,00,00,27,02,00,00,
0,000002C5,false,Rx,0,8,00,00,00,00,00,00,00,00,
214000,000002C6,false,Rx,0,8,32,00,7C,01,00,00,00,00,
233000,0000060D,false,Rx,0,8,0D,11,82,B6,09,20,70,00,
275000,00000625,false,Rx,0,8,25,00,59,86,01,54,5C,06,
322000,00000054,false,Rx,0,8,00,00,FE,FF,4F,02,00,00,
322000,00000055,false,Rx,0,8,10,27,00,00,00,00,00,00,
323000,00000056,false,Rx,0,8,10,27,00,00,00,00,00,00,
323000,00000057,false,Rx,0,8,00,00,FE,FF,FE,FF,00,00,
332000,0000060D,false,Rx,0,8,0D,11,82,B6,09,20,70,00,
375000,00000625,false,Rx,0,8,25,00,59,86,01,54,5C,06,
433000,0000060D,false,Rx,0,8,0D,11,82,B6,09,20,70,00,
433000,000002C4,false,Rx,0,8,03,00,00,00,27,02,00,00,
433000,000002C5,false,Rx,0,8,00,00,00,00,00,00,00,00,
434000,000002C6,false,Rx,0,8,32,00,7C,01,00,00,00,00,
475000,00000625,false,Rx,0,8,25,00,59,86,01,54,5C,06,
522000,00000054,false,Rx,0,8,00,00,FE,FF,4F,02,00,00,
523000,00000055,false,Rx,0,8,10,27,00,00,00,00,00,00,
523000,00000056,false,Rx,0,8,10,27,00,00,00,00,00,00,
523000,00000057,false,Rx,0,8,00,00,FE,FF,FE,FF,00,00,
533000,0000060D,false,Rx,0,8,0D,11,83,B6,09,20,70,00,
576000,00000625,false,Rx,0,8,25,00,59,86,01,54,5C,06,
613000,00000065,false,Rx,0,8,4F,02,02,00,00,00,00,00,
634000,0000060D,false,Rx,0,8,0D,11,83,B6,09,20,70,00,
0,000002C4,false,Rx,0,8,03,00,00,00,27,02,00,00,
0,000002C5,false,Rx,0,8,00,00,00,00,00,00,00,00,
654000,000002C6,false,Rx,0,8,32,00,7C,01,00,00,00,00,
676000,00000625,false,Rx,0,8,25,00,59,86,01,54,5C,06,
723000,00000054,false,Rx,0,8,00,00,FE,FF,4F,02,00,00,
723000,00000055,false,Rx,0,8,10,27,00,00,00,00,00,00,
723000,00000056,false,Rx,0,8,10,27,00,00,00,00,00,00,
723000,00000057,false,Rx,0,8,00,00,FE,FF,FE,FF,00,00,
733000,0000060D,false,Rx,0,8,0D,11,83,B6,09,20,70,00,
763000,00000065,false,Rx,0,8,4F,02,02,00,00,00,00,00,
775000,00000625,false,Rx,0,8,25,00,59,86,01,54,5C,06,
832000,0000060D,false,Rx,0,8,0D,11,83,B6,09,20,70,00,
874000,000002C4,false,Rx,0,8,03,00,00,00,27,02,00,00,
874000,000002C5,false,Rx,0,8,00,00,00,00,00,00,00,00,
874000,000002C6,false,Rx,0,8,32,00,7C,01,00,00,00,00,
876000,00000625,false,Rx,0,8,25,00,59,86,01,54,5C,06,
913000,00000065,false,Rx,0,8,4F,02,02,00,00,00,00,00,
923000,00000054,false,Rx,0,8,00,00,FE,FF,4F,02,00,00,
923000,00000055,false,Rx,0,8,10,27,00,00,00,00,00,00,
923000,00000056,false,Rx,0,8,10,27,00,00,00,00,00,00,
923000,00000057,false,Rx,0,8,00,00,FE,FF,FE,FF,00,00,
932000,0000060D,false,Rx,0,8,0D,11,83,B6,09,20,70,00,
975000,00000625,false,Rx,0,8,25,00,59,86,01,54,5C,06,
32000,0000060D,false,Rx,0,8,0D,11,83,B6,09,20,70,00,
62000,00000065,false,Rx,0,8,4F,02,02,00,00,00,00,00,
76000,00000625,false,Rx,0,8,25,00,59,86,01,54,5C,06,
94000,000002C4,false,Rx,0,8,03,00,00,00,27,02,00,00,
94000,000002C5,false,Rx,0,8,00,00,00,00,00,00,00,00,
94000,000002C6,false,Rx,0,8,32,00,7C,01,00,00,00,00,
122000,00000054,false,Rx,0,8,00,00,FE,FF,4F,02,00,00,
123000,00000055,false,Rx,0,8,10,27,00,00,00,00,00,00,
123000,00000056,false,Rx,0,8,10,27,00,00,00,00,00,00,
123000,00000057,false,Rx,0,8,00,00,FE,FF,FE,FF,00,00,
133000,0000060D,false,Rx,0,8,0D,11,83,B6,09,20,70,00,
176000,00000625,false,Rx,0,8,25,00,59,86,01,54,5C,06,
233000,0000060D,false,Rx,0,8,0D,11,83,B6,09,20,70,00,
275000,00000625,false,Rx,0,8,25,00,59,86,01,54,5C,06,
0,000002C4,false,Rx,0,8,03,00,00,00,27,02,00,00,
0,000002C5,false,Rx,0,8,00,00,00,00,00,00,00,00,
314000,000002C6,false,Rx,0,8,32,00,7C,01,00,00,00,00,
323000,00000054,false,Rx,0,8,00,00,FE,FF,4F,02,00,00,
323000,00000055,false,Rx,0,8,10,27,00,00,00,00,00,00,
323000,00000056,false,Rx,0,8,10,27,00,00,00,00,00,00,
323000,00000057,false,Rx,0,8,00,00,FE,FF,FE,FF,00,00,
332000,0000060D,false,Rx,0,8,0D,11,83,B6,09,20,70,00,
376000,00000625,false,Rx,0,8,25,00,59,86,01,54,5C,06,
433000,0000060D,false,Rx,0,8,0D,11,83,B6,09,20,70,00,
476000,00000625,false,Rx,0,8,25,00,59,86,01,54,5C,06,
522000,00000054,false,Rx,0,8,00,00,FE,FF,4F,02,00,00,
522000,00000055,false,Rx,0,8,10,27,00,00,00,00,00,00,
0,00000056,false,Rx,0,8,10,27,00,00,00,00,00,00,
0,00000057,false,Rx,0,8,00,00,FE,FF,FE,FF,00,00,
532000,0000060D,false,Rx,0,8,0D,11,83,B6,09,20,70,00,
533000,000002C4,false,Rx,0,8,03,00,00,00,27,02,00,00,
533000,000002C5,false,Rx,0,8,00,00,00,00,00,00,00,00,
533000,000002C6,false,Rx,0,8,32,00,7C,01,00,00,00,00,
575000,00000625,false,Rx,0,8,25,00,59,86,01,54,5C,06,
633000,0000060D,false,Rx,0,8,0D,11,83,B6,09,20,70,00,
675000,00000625,false,Rx,0,8,25,00,59,86,01,54,5C,06,
0,00000054,false,Rx,0,8,00,00,FE,FF,4F,02,00,00,
0,00000055,false,Rx,0,8,10,27,00,00,00,00,00,00,
723000,00000056,false,Rx,0,8,10,27,00,00,00,00,00,00,
724000,00000057,false,Rx,0,8,00,00,FE,FF,FE,FF,00,00,
733000,0000060D,false,Rx,0,8,0D,11,83,B6,09,20,70,00,
754000,000002C4,false,Rx,0,8,03,00,00,00,27,02,00,00,
754000,000002C5,false,Rx,0,8,00,00,00,00,00,00,00,00,
754000,000002C6,false,Rx,0,8,32,00,7C,01,00,00,00,00,
775000,00000625,false,Rx,0,8,25,00,59,86,01,54,5C,06,
833000,0000060D,false,Rx,0,8,0D,11,83,B6,09,20,70,00,
875000,00000625,false,Rx,0,8,25,00,59,86,01,54,5C,06,
0,00000054,false,Rx,0,8,00,00,FE,FF,4F,02,00,00,
0,00000055,false,Rx,0,8,10,27,00,00,00,00,00,00,
923000,00000056,false,Rx,0,8,10,27,00,00,00,00,00,00,
923000,00000057,false,Rx,0,8,00,00,FE,FF,FE,FF,00,00,
933000,0000060D,false,Rx,0,8,0D,11,83,B6,09,20,70,00,
974000,000002C4,false,Rx,0,8,03,00,00,00,27,02,00,00,
974000,000002C5,false,Rx,0,8,00,00,00,00,00,00,00,00,
974000,000002C6,false,Rx,0,8,32,00,7C,01,00,00,00,00,
975000,00000625,false,Rx,0,8,25,00,59,86,01,54,5C,06,
32000,0000060D,false,Rx,0,8,0D,11,83,B6,09,20,70,00,
76000,00000625,false,Rx,0,8,25,00,59,86,01,54,5C,06,
122000,00000054,false,Rx,0,8,00,00,FE,FF,4F,02,00,00,
122000,00000055,false,Rx,0,8,10,27,00,00,00,00,00,00,
122000,00000056,false,Rx,0,8,10,27,00,00,00,00,00,00,
123000,00000057,false,Rx,0,8,00,00,FE,FF,FE,FF,00,00,
133000,0000060D,false,Rx,0,8,0D,11,83,B6,09,20,70,00,
175000,00000625,false,Rx,0,8,25,00,59,86,01,54,5C,06,
194000,000002C4,false,Rx,0,8,03,00,00,00,27,02,00,00,
194000,000002C5,false,Rx,0,8,00,00,00,00,00,00,00,00,
194000,000002C6,false,Rx,0,8,32,00,7C,01,00,00,00,00,
233000,0000060D,false,Rx,0,8,0D,11,83,B6,09,20,70,00,
275000,00000625,false,Rx,0,8,25,00,59,86,01,54,5C,06,
323000,00000054,false,Rx,0,8,00,00,FE,FF,4F,02,00,00,
323000,00000055,false,Rx,0,8,10,27,00,00,00,00,00,00,
323000,00000056,false,Rx,0,8,10,27,00,00,00,00,00,00,
323000,00000057,false,Rx,0,8,00,00,FE,FF,FE,FF,00,00,
332000,0000060D,false,Rx,0,8,0D,11,83,B6,09,20,70,00,
375000,00000625,false,Rx,0,8,25,00,59,86,01,54,5C,06,
0,000002C4,false,Rx,0,8,03,00,00,00,27,02,00,00,
0,000002C5,false,Rx,0,8,00,00,00,00,00,00,00,00,
414000,000002C6,false,Rx,0,8,32,00,7C,01,00,00,00,00,
432000,0000060D,false,Rx,0,8,0D,11,83,B6,09,20,70,00,
476000,00000625,false,Rx,0,8,25,00,59,86,01,54,5C,06,
522000,00000054,false,Rx,0,8,00,00,FE,FF,4F,02,00,00,
523000,00000055,false,Rx,0,8,10,27,00,00,00,00,00,00,
523000,00000056,false,Rx,0,8,10,27,00,00,00,00,00,00,
523000,00000057,false,Rx,0,8,00,00,FE,FF,FE,FF,00,00,
575000,00000625,false,Rx,0,8,25,00,59,86,01,54,5C,06,
634000,000002C4,false,Rx,0,8,03,00,00,00,27,02,00,00,
634000,000002C5,false,Rx,0,8,00,00,00,00,00,00,00,00,
635000,000002C6,false,Rx,0,8,32,00,7C,01,00,00,00,00,
676000,00000625,false,Rx,0,8,25,00,59,86,01,54,5C,06,
0,00000054,false,Rx,0,8,00,00,FE,FF,4F,02,00,00,
0,00000055,false,Rx,0,8,10,27,00,00,00,00,00,00,
723000,00000056,false,Rx,0,8,10,27,00,00,00,00,00,00,
723000,00000057,false,Rx,0,8,00,00,FE,FF,FE,FF,00,00,
775000,00000625,false,Rx,0,8,25,00,59,86,01,54,5C,06,
0,000002C4,false,Rx,0,8,03,00,00,00,27,02,00,00,
0,000002C5,false,Rx,0,8,00,00,00,00,00,00,00,00,
0,000002C6,false,Rx,0,8,32,00,7C,01,00,00,00,00,
875000,00000625,false,Rx,0,8,25,00,59,86,01,54,5C,06,
923000,00000054,false,Rx,0,8,00,00,FE,FF,4F,02,00,00,
923000,00000055,false,Rx,0,8,10,27,00,00,00,00,00,00,
923000,00000056,false,Rx,0,8,10,27,00,00,00,00,00,00,
923000,00000057,false,Rx,0,8,00,00,FE,FF,FE,FF,00,00,
975000,00000625,false,Rx,0,8,25,00,59,86,01,54,5C,06,
0,000002C4,false,Rx,0,8,03,00,00,00,27,02,00,00,
0,000002C5,false,Rx,0,8,00,00,00,00,00,00,00,00,
0,000002C6,false,Rx,0,8,32,00,7C,01,00,00,00,00,
75000,00000625,false,Rx,0,8,25,00,59,86,01,54,5C,06,
0,00000054,false,Rx,0,8,00,00,FE,FF,4F,02,00,00,
0,00000055,false,Rx,0,8,10,27,00,00,00,00,00,00,
0,00000056,false,Rx,0,8,10,27,00,00,00,00,00,00,
0,00000057,false,Rx,0,8,00,00,FE,FF,FE,FF,00,00,
175000,00000625,false,Rx,0,8,25,00,59,86,01,54,5C,06,
275000,00000625,false,Rx,0,8,25,00,59,86,01,54,5C,06,
0,000002C4,false,Rx,0,8,03,00,00,00,27,02,00,00,
0,000002C5,false,Rx,0,8,00,00,00,00,00,00,00,00,
294000,000002C6,false,Rx,0,8,32,00,7C,01,00,00,00,00,
322000,00000054,false,Rx,0,8,00,00,FE,FF,4F,02,00,00,
322000,00000055,false,Rx,0,8,10,27,00,00,00,00,00,00,
322000,00000056,false,Rx,0,8,10,27,00,00,00,00,00,00,
322000,00000057,false,Rx,0,8,00,00,FE,FF,FE,FF,00,00,
375000,00000625,false,Rx,0,8,25,00,59,86,01,54,5C,06,
475000,00000625,false,Rx,0,8,25,00,59,86,01,54,5C,06,
514000,000002C4,false,Rx,0,8,03,00,00,00,27,02,00,00,
514000,000002C5,false,Rx,0,8,00,00,00,00,00,00,00,00,
514000,000002C6,false,Rx,0,8,32,00,7C,01,00,00,00,00,
523000,00000054,false,Rx,0,8,00,00,FE,FF,4F,02,00,00,
0,00000055,false,Rx,0,8,10,27,00,00,00,00,00,00,
0,00000056,false,Rx,0,8,10,27,00,00,00,00,00,00,
524000,00000057,false,Rx,0,8,00,00,FE,FF,FE,FF,00,00,
575000,00000625,false,Rx,0,8,25,00,59,86,01,54,5C,06,
676000,00000625,false,Rx,0,8,25,00,59,86,01,54,5C,06,
722000,00000054,false,Rx,0,8,00,00,FE,FF,4F,02,00,00,
722000,00000055,false,Rx,0,8,10,27,00,00,00,00,00,00,
723000,00000056,false,Rx,0,8,10,27,00,00,00,00,00,00,
724000,00000057,false,Rx,0,8,00,00,FE,FF,FE,FF,00,00,
0,000002C4,false,Rx,0,8,03,00,00,00,27,02,00,00,
0,000002C5,false,Rx,0,8,00,00,00,00,00,00,00,00,
734000,000002C6,false,Rx,0,8,32,00,7C,01,00,00,00,00,
775000,00000625,false,Rx,0,8,25,00,59,86,01,54,5C,06,
876000,00000625,false,Rx,0,8,25,00,59,86,01,54,5C,06,
922000,00000054,false,Rx,0,8,00,00,FE,FF,4F,02,00,00,
923000,00000055,false,Rx,0,8,10,27,00,00,00,00,00,00,
923000,00000056,false,Rx,0,8,10,27,00,00,00,00,00,00,
923000,00000057,false,Rx,0,8,00,00,FE,FF,FE,FF,00,00,
0,000002C4,false,Rx,0,8,03,00,00,00,27,02,00,00,
0,000002C5,false,Rx,0,8,00,00,00,00,00,00,00,00,
954000,000002C6,false,Rx,0,8,32,00,7C,01,00,00,00,00,
976000,00000625,false,Rx,0,8,25,00,59,86,01,54,5C,06,
75000,00000625,false,Rx,0,8,25,00,59,86,01,54,5C,06,
123000,00000054,false,Rx,0,8,00,00,FE,FF,4F,02,00,00,
123000,00000055,false,Rx,0,8,10,27,00,00,00,00,00,00,
123000,00000056,false,Rx,0,8,10,27,00,00,00,00,00,00,
123000,00000057,false,Rx,0,8,00,00,FE,FF,FE,FF,00,00,
173000,000002C4,false,Rx,0,8,03,00,00,00,27,02,00,00,
173000,000002C5,false,Rx,0,8,00,00,00,00,00,00,00,00,
174000,000002C6,false,Rx,0,8,32,00,7C,01,00,00,00,00,
175000,00000625,false,Rx,0,8,25,00,59,86,01,54,5C,06,
275000,00000625,false,Rx,0,8,25,00,59,86,01,54,5C,06,
0,00000054,false,Rx,0,8,00,00,FE,FF,4F,02,00,00,
0,00000055,false,Rx,0,8,10,27,00,00,00,00,00,00,
0,00000056,false,Rx,0,8,10,27,00,00,00,00,00,00,
0,00000057,false,Rx,0,8,00,00,FE,FF,FE,FF,00,00,
375000,00000625,false,Rx,0,8,25,00,59,86,01,54,5C,06,
394000,000002C4,false,Rx,0,8,03,00,00,00,27,02,00,00,
394000,000002C5,false,Rx,0,8,00,00,00,00,00,00,00,00,
394000,000002C6,false,Rx,0,8,32,00,7C,01,00,00,00,00,
475000,00000625,false,Rx,0,8,25,00,59,86,01,54,5C,06,
522000,00000054,false,Rx,0,8,00,00,FE,FF,4F,02,00,00,
522000,00000055,false,Rx,0,8,10,27,00,00,00,00,00,00,
522000,00000056,false,Rx,0,8,10,27,00,00,00,00,00,00,
523000,00000057,false,Rx,0,8,00,00,FE,FF,FE,FF,00,00,
576000,00000625,false,Rx,0,8,25,00,59,86,01,54,5C,06,
614000,000002C4,false,Rx,0,8,03,00,00,00,27,02,00,00,
614000,000002C5,false,Rx,0,8,00,00,00,00,00,00,00,00,
614000,000002C6,false,Rx,0,8,32,00,7C,01,00,00,00,00,
676000,00000625,false,Rx,0,8,25,00,59,86,01,54,5C,06,
722000,00000054,false,Rx,0,8,00,00,FE,FF,4F,02,00,00,
722000,00000055,false,Rx,0,8,10,27,00,00,00,00,00,00,
723000,00000056,false,Rx,0,8,10,27,00,00,00,00,00,00,
723000,00000057,false,Rx,0,8,00,00,FE,FF,FE,FF,00,00,
776000,00000625,false,Rx,0,8,25,00,59,86,01,54,5C,06,
0,000002C4,false,Rx,0,8,03,00,00,00,27,02,00,00,
0,000002C5,false,Rx,0,8,00,00,00,00,00,00,00,00,
0,000002C6,false,Rx,0,8,32,00,7C,01,00,00,00,00,
876000,00000625,false,Rx,0,8,25,00,59,86,01,54,5C,06,
922000,00000054,false,Rx,0,8,00,00,FE,FF,4F,02,00,00,
922000,00000055,false,Rx,0,8,10,27,00,00,00,00,00,00,
922000,00000056,false,Rx,0,8,10,27,00,00,00,00,00,00,
923000,00000057,false,Rx,0,8,00,00,FE,FF,FE,FF,00,00,
975000,00000625,false,Rx,0,8,25,00,59,86,01,54,5C,06,
53000,000002C4,false,Rx,0,8,03,00,00,00,27,02,00,00,
53000,000002C5,false,Rx,0,8,00,00,00,00,00,00,00,00,
54000,000002C6,false,Rx,0,8,32,00,7C,01,00,00,00,00,
76000,00000625,false,Rx,0,8,25,00,59,86,01,54,5C,06,
122000,00000054,false,Rx,0,8,00,00,FE,FF,4F,02,00,00,
123000,00000055,false,Rx,0,8,10,27,00,00,00,00,00,00,
123000,00000056,false,Rx,0,8,10,27,00,00,00,00,00,00,
123000,00000057,false,Rx,0,8,00,00,FE,FF,FE,FF,00,00,
175000,00000625,false,Rx,0,8,25,00,59,86,01,54,5C,06,
274000,000002C4,false,Rx,0,8,03,00,00,00,27,02,00,00,
274000,000002C5,false,Rx,0,8,00,00,00,00,00,00,00,00,
274000,000002C6,false,Rx,0,8,32,00,7C,01,00,00,00,00,
276000,00000625,false,Rx,0,8,25,00,59,86,01,54,5C,06,
323000,00000054,false,Rx,0,8,00,00,FE,FF,4F,02,00,00,
323000,00000055,false,Rx,0,8,10,27,00,00,00,00,00,00,
323000,00000056,false,Rx,0,8,10,27,00,00,00,00,00,00,
323000,00000057,false,Rx,0,8,00,00,FE,FF,FE,FF,00,00,
375000,00000625,false,Rx,0,8,25,00,59,86,01,54,5C,06,
475000,00000625,false,Rx,0,8,25,00,59,86,01,54,5C,06,
0,000002C4,false,Rx,0,8,03,00,00,00,27,02,00,00,
0,000002C5,false,Rx,0,8,00,00,00,00,00,00,00,00,
0,000002C6,false,Rx,0,8,32,00,7C,01,00,00,00,00,
0,00000054,false,Rx,0,8,00,00,FE,FF,4F,02,00,00,
0,00000055,false,Rx,0,8,10,27,00,00,00,00,00,00,
523000,00000056,false,Rx,0,8,10,27,00,00,00,00,00,00,
523000,00000057,false,Rx,0,8,00,00,FE,FF,FE,FF,00,00,
575000,00000625,false,Rx,0,8,25,00,59,86,01,54,5C,06,
675000,00000625,false,Rx,0,8,25,00,59,86,01,54,5C,06,
713000,000002C4,false,Rx,0,8,03,00,00,00,27,02,00,00,
714000,000002C5,false,Rx,0,8,00,00,00,00,00,00,00,00,
714000,000002C6,false,Rx,0,8,32,00,7C,01,00,00,00,00,
722000,00000054,false,Rx,0,8,00,00,FE,FF,4F,02,00,00,
722000,00000055,false,Rx,0,8,10,27,00,00,00,00,00,00,
723000,00000056,false,Rx,0,8,10,27,00,00,00,00,00,00,
723000,00000057,false,Rx,0,8,00,00,FE,FF,FE,FF,00,00,
775000,00000625,false,Rx,0,8,25,00,59,86,01,54,5C,06,
876000,00000625,false,Rx,0,8,25,00,59,86,01,54,5C,06,
922000,00000054,false,Rx,0,8,00,00,FE,FF,4F,02,00,00,
922000,00000055,false,Rx,0,8,10,27,00,00,00,00,00,00,
922000,00000056,false,Rx,0,8,10,27,00,00,00,00,00,00,
923000,00000057,false,Rx,0,8,00,00,FE,FF,FE,FF,00,00,
0,000002C4,false,Rx,0,8,03,00,00,00,27,02,00,00,
0,000002C5,false,Rx,0,8,00,00,00,00,00,00,00,00,
933000,000002C6,false,Rx,0,8,32,00,7C,01,00,00,00,00,
976000,00000625,false,Rx,0,8,25,00,59,86,01,54,5C,06,
75000,00000625,false,Rx,0,8,25,00,59,86,01,54,5C,06,
122000,00000054,false,Rx,0,8,00,00,FE,FF,4F,02,00,00,
122000,00000055,false,Rx,0,8,10,27,00,00,00,00,00,00,
122000,00000056,false,Rx,0,8,10,27,00,00,00,00,00,00,
123000,00000057,false,Rx,0,8,00,00,FE,FF,FE,FF,00,00,
0,000002C4,false,Rx,0,8,03,00,00,00,27,02,00,00,
0,000002C5,false,Rx,0,8,00,00,00,00,00,00,00,00,
154000,000002C6,false,Rx,0,8,32,00,7C,01,00,00,00,00,
176000,00000625,false,Rx,0,8,25,00,59,86,01,54,5C,06,
275000,00000625,false,Rx,0,8,25,00,59,86,01,54,5C,06,
322000,00000054,false,Rx,0,8,00,00,FE,FF,4F,02,00,00,
322000,00000055,false,Rx,0,8,10,27,00,00,00,00,00,00,
323000,00000056,false,Rx,0,8,10,27,00,00,00,00,00,00,
323000,00000057,false,Rx,0,8,00,00,FE,FF,FE,FF,00,00,
373000,000002C4,false,Rx,0,8,03,00,00,00,27,02,00,00,
374000,000002C5,false,Rx,0,8,00,00,00,00,00,00,00,00,
374000,000002C6,false,Rx,0,8,32,00,7C,01,00,00,00,00,
375000,00000625,false,Rx,0,8,25,00,59,86,01,54,5C,06,
476000,00000625,false,Rx,0,8,25,00,59,86,01,54,5C,06,
523000,00000054,false,Rx,0,8,00,00,FE,FF,4F,02,00,00,
523000,00000055,false,Rx,0,8,10,27,00,00,00,00,00,00,
523000,00000056,false,Rx,0,8,10,27,00,00,00,00,00,00,
523000,00000057,false,Rx,0,8,00,00,FE,FF,FE,FF,00,00,
575000,00000625,false,Rx,0,8,25,00,59,86,01,54,5C,06,
593000,000002C4,false,Rx,0,8,03,00,00,00,27,02,00,00,
0,000002C5,false,Rx,0,8,00,00,00,00,00,00,00,00,
0,000002C6,false,Rx,0,8,32,00,7C,01,00,00,00,00,
675000,00000625,false,Rx,0,8,25,00,59,86,01,54,5C,06,
723000,00000054,false,Rx,0,8,00,00,FE,FF,4F,02,00,00,
723000,00000055,false,Rx,0,8,10,27,00,00,00,00,00,00,
0,00000056,false,Rx,0,8,10,27,00,00,00,00,00,00,
0,00000057,false,Rx,0,8,00,00,FE,FF,FE,FF,00,00,
775000,00000625,false,Rx,0,8,25,00,59,86,01,54,5C,06,
814000,000002C4,false,Rx,0,8,03,00,00,00,27,02,00,00,
814000,000002C5,false,Rx,0,8,00,00,00,00,00,00,00,00,
815000,000002C6,false,Rx,0,8,32,00,7C,01,00,00,00,00,
922000,00000054,false,Rx,0,8,00,00,FE,FF,4F,02,00,00,
922000,00000055,false,Rx,0,8,10,27,00,00,00,00,00,00,
923000,00000056,false,Rx,0,8,10,27,00,00,00,00,00,00,
923000,00000057,false,Rx,0,8,00,00,FE,FF,FE,FF,00,00,
34000,000002C4,false,Rx,0,8,03,00,00,00,27,02,00,00,
34000,000002C5,false,Rx,0,8,00,00,00,00,00,00,00,00,
34000,000002C6,false,Rx,0,8,32,00,7C,01,00,00,00,00,
123000,00000054,false,Rx,0,8,00,00,FE,FF,4F,02,00,00,
123000,00000055,false,Rx,0,8,10,27,00,00,00,00,00,00,
123000,00000056,false,Rx,0,8,10,27,00,00,00,00,00,00,
123000,00000057,false,Rx,0,8,00,00,FE,FF,FE,FF,00,00,
254000,000002C4,false,Rx,0,8,03,00,00,00,27,02,00,00,
254000,000002C5,false,Rx,0,8,00,00,00,00,00,00,00,00,
254000,000002C6,false,Rx,0,8,32,00,7C,01,00,00,00,00,
323000,00000054,false,Rx,0,8,00,00,FE,FF,4F,02,00,00,
323000,00000055,false,Rx,0,8,10,27,00,00,00,00,00,00,
323000,00000056,false,Rx,0,8,10,27,00,00,00,00,00,00,
324000,00000057,false,Rx,0,8,00,00,FE,FF,FE,FF,00,00,
0,000002C4,false,Rx,0,8,03,00,00,00,27,02,00,00,
0,000002C5,false,Rx,0,8,00,00,00,00,00,00,00,00,
474000,000002C6,false,Rx,0,8,32,00,7C,01,00,00,00,00,
522000,00000054,false,Rx,0,8,00,00,FE,FF,4F,02,00,00,
523000,00000055,false,Rx,0,8,10,27,00,00,00,00,00,00,
0,00000056,false,Rx,0,8,10,27,00,00,00,00,00,00,
0,00000057,false,Rx,0,8,00,00,FE,FF,FE,FF,00,00,
0,000002C4,false,Rx,0,8,03,00,00,00,28,02,00,00,
0,000002C5,false,Rx,0,8,00,00,00,00,00,00,00,00,
0,000002C6,false,Rx,0,8,32,00,7C,01,00,00,00,00,
0,00000054,false,Rx,0,8,00,00,FE,FF,4F,02,00,00,
0,00000055,false,Rx,0,8,10,27,00,00,00,00,00,00,
724000,00000056,false,Rx,0,8,10,27,00,00,00,00,00,00,
724000,00000057,false,Rx,0,8,00,00,FE,FF,FE,FF,00,00,
683000,0000060D,false,Rx,0,8,0D,10,83,B6,09,20,70,00,
0,00000054,false,Rx,0,8,00,00,FE,FF,57,02,00,00,
0,00000055,false,Rx,0,8,10,27,00,00,00,00,00,00,
0,00000056,false,Rx,0,8,10,27,00,00,00,00,00,00,
694000,00000057,false,Rx,0,8,00,00,FE,FF,FE,FF,00,00,
713000,00000065,false,Rx,0,8,57,02,03,00,00,00,00,00,
783000,0000060D,false,Rx,0,8,0D,10,83,B6,09,20,70,00,
863000,00000065,false,Rx,0,8,57,02,03,00,00,00,00,00,
883000,0000060D,false,Rx,0,8,0D,10,83,B6,09,20,70,00,
0,00000054,false,Rx,0,8,00,00,FE,FF,57,02,00,00,
0,00000055,false,Rx,0,8,10,27,00,00,00,00,00,00,
893000,00000056,false,Rx,0,8,10,27,00,00,00,00,00,00,
893000,00000057,false,Rx,0,8,00,00,FE,FF,FE,FF,00,00,
920000,00000625,false,Rx,0,8,25,00,58,86,01,54,5C,06,
932000,000002C4,false,Rx,0,8,02,00,00,00,25,02,00,00,
932000,000002C5,false,Rx,0,8,00,00,00,00,00,00,00,00,
932000,000002C6,false,Rx,0,8,32,00,7C,01,00,00,00,00,
983000,0000060D,false,Rx,0,8,0D,10,83,B6,09,20,70,00,
13000,00000065,false,Rx,0,8,57,02,03,00,00,00,00,00,
20000,00000625,false,Rx,0,8,25,00,58,86,01,54,5C,06,
83000,0000060D,false,Rx,0,8,0D,10,83,B6,09,20,70,00,
92000,00000054,false,Rx,0,8,00,00,FE,FF,57,02,00,00,
93000,00000055,false,Rx,0,8,10,27,00,00,00,00,00,00,
93000,00000056,false,Rx,0,8,10,27,00,00,00,00,00,00,
93000,00000057,false,Rx,0,8,00,00,FE,FF,FE,FF,00,00,
120000,00000625,false,Rx,0,8,25,00,59,86,01,54,5C,06,
151000,000002C4,false,Rx,0,8,02,00,00,00,25,02,00,00,
151000,000002C5,false,Rx,0,8,00,00,00,00,00,00,00,00,
151000,000002C6,false,Rx,0,8,32,00,7C,01,00,00,00,00,
163000,00000065,false,Rx,0,8,57,02,03,00,00,00,00,00,
182000,0000060D,false,Rx,0,8,0D,10,83,B6,09,20,70,00,
220000,00000625,false,Rx,0,8,25,00,59,86,01,54,5C,06,
282000,0000060D,false,Rx,0,8,0D,10,83,B6,09,20,70,00,
292000,00000054,false,Rx,0,8,00,00,FE,FF,57,02,00,00,
293000,00000055,false,Rx,0,8,10,27,00,00,00,00,00,00,
0,00000056,false,Rx,0,8,10,27,00,00,00,00,00,00,
0,00000057,false,Rx,0,8,00,00,FE,FF,FE,FF,00,00,
320000,00000625,false,Rx,0,8,25,00,59,86,01,54,5C,06,
0,000002C4,false,Rx,0,8,02,00,00,00,25,02,00,00,
0,000002C5,false,Rx,0,8,00,00,00,00,00,00,00,00,
371000,000002C6,false,Rx,0,8,32,00,7C,01,00,00,00,00,
382000,0000060D,false,Rx,0,8,0D,10,83,B6,09,20,70,00,
420000,00000625,false,Rx,0,8,25,00,59,86,01,54,5C,06,
482000,0000060D,false,Rx,0,8,0D,10,83,B6,09,20,70,00,
492000,00000054,false,Rx,0,8,00,00,FE,FF,57,02,00,00,
492000,00000055,false,Rx,0,8,10,27,00,00,00,00,00,00,
492000,00000056,false,Rx,0,8,10,27,00,00,00,00,00,00,
493000,00000057,false,Rx,0,8,00,00,FE,FF,FE,FF,00,00,
520000,00000625,false,Rx,0,8,25,00,59,86,01,54,5C,06,
583000,0000060D,false,Rx,0,8,0D,10,83,B6,09,20,70,00,
591000,000002C4,false,Rx,0,8,02,00,00,00,26,02,00,00,
591000,000002C5,false,Rx,0,8,00,00,00,00,00,00,00,00,
592000,000002C6,false,Rx,0,8,32,00,7C,01,00,00,00,00,
620000,00000625,false,Rx,0,8,25,00,59,86,01,54,5C,06,
683000,0000060D,false,Rx,0,8,0D,10,83,B6,09,20,70,00,
693000,00000054,false,Rx,0,8,00,00,FE,FF,57,02,00,00,
693000,00000055,false,Rx,0,8,10,27,00,00,00,00,00,00,
693000,00000056,false,Rx,0,8,10,27,00,00,00,00,00,00,
694000,00000057,false,Rx,0,8,00,00,FE,FF,FE,FF,00,00,
721000,00000625,false,Rx,0,8,25,00,59,86,01,54,5C,06,
783000,0000060D,false,Rx,0,8,0D,10,83,B6,09,20,70,00,
0,000002C4,false,Rx,0,8,03,00,00,00,26,02,00,00,
0,000002C5,false,Rx,0,8,00,00,00,00,00,00,00,00,
811000,000002C6,false,Rx,0,8,32,00,7C,01,00,00,00,00,
820000,00000625,false,Rx,0,8,25,00,59,86,01,54,5C,06,
882000,0000060D,false,Rx,0,8,0D,10,83,B6,09,20,70,00,
893000,00000054,false,Rx,0,8,00,00,FE,FF,57,02,00,00,
893000,00000055,false,Rx,0,8,10,27,00,00,00,00,00,00,
893000,00000056,false,Rx,0,8,10,27,00,00,00,00,00,00,
893000,00000057,false,Rx,0,8,00,00,FE,FF,FE,FF,00,00,
920000,00000625,false,Rx,0,8,25,00,59,86,01,54,5C,06,
983000,0000060D,false,Rx,0,8,0D,10,83,B6,09,20,70,00,
20000,00000625,false,Rx,0,8,25,00,59,86,01,54,5C,06,
31000,000002C4,false,Rx,0,8,03,00,00,00,26,02,00,00,
31000,000002C5,false,Rx,0,8,00,00,00,00,00,00,00,00,
31000,000002C6,false,Rx,0,8,32,00,7C,01,00,00,00,00,
83000,0000060D,false,Rx,0,8,0D,10,83,B6,09,20,70,00,
93000,00000054,false,Rx,0,8,00,00,FE,FF,57,02,00,00,
93000,00000055,false,Rx,0,8,10,27,00,00,00,00,00,00,
93000,00000056,false,Rx,0,8,10,27,00,00,00,00,00,00,
93000,00000057,false,Rx,0,8,00,00,FE,FF,FE,FF,00,00,
120000,00000625,false,Rx,0,8,25,00,59,86,01,54,5C,06,
183000,0000060D,false,Rx,0,8,0D,10,83,B6,09,20,70,00,
220000,00000625,false,Rx,0,8,25,00,59,86,01,54,5C,06,
251000,000002C4,false,Rx,0,8,03,00,00,00,26,02,00,00,
251000,000002C5,false,Rx,0,8,00,00,00,00,00,00,00,00,
252000,000002C6,false,Rx,0,8,32,00,7C,01,00,00,00,00,
282000,0000060D,false,Rx,0,8,0D,10,83,B6,09,20,70,00,
293000,00000054,false,Rx,0,8,00,00,FE,FF,57,02,00,00,
293000,00000055,false,Rx,0,8,10,27,00,00,00,00,00,00,
293000,00000056,false,Rx,0,8,10,27,00,00,00,00,00,00,
293000,00000057,false,Rx,0,8,00,00,FE,FF,FE,FF,00,00,
320000,00000625,false,Rx,0,8,25,00,59,86,01,54,5C,06,
383000,0000060D,false,Rx,0,8,0D,10,83,B6,09,20,70,00,
420000,00000625,false,Rx,0,8,25,00,59,86,01,54,5C,06,
0,000002C4,false,Rx,0,8,03,00,00,00,26,02,00,00,
0,000002C5,false,Rx,0,8,00,00,00,00,00,00,00,00,
472000,000002C6,false,Rx,0,8,32,00,7C,01,00,00,00,00,
482000,0000060D,false,Rx,0,8,0D,10,83,B6,09,20,70,00,
0,00000054,false,Rx,0,8,00,00,FE,FF,57,02,00,00,
0,00000055,false,Rx,0,8,10,27,00,00,00,00,00,00,
493000,00000056,false,Rx,0,8,10,27,00,00,00,00,00,00,
493000,00000057,false,Rx,0,8,00,00,FE,FF,FE,FF,00,00,
519000,00000625,false,Rx,0,8,25,00,59,86,01,54,5C,06,
582000,0000060D,false,Rx,0,8,0D,10,83,B6,09,20,70,00,
620000,00000625,false,Rx,0,8,25,00,59,86,01,54,5C,06,
683000,0000060D,false,Rx,0,8,0D,10,83,B6,09,20,70,00,
0,000002C4,false,Rx,0,8,03,00,00,00,26,02,00,00,
0,000002C5,false,Rx,0,8,00,00,00,00,00,00,00,00,
691000,000002C6,false,Rx,0,8,32,00,7C,01,00,00,00,00,
692000,00000054,false,Rx,0,8,00,00,FE,FF,57,02,00,00,
692000,00000055,false,Rx,0,8,10,27,00,00,00,00,00,00,
693000,00000056,false,Rx,0,8,10,27,00,00,00,00,00,00,
693000,00000057,false,Rx,0,8,00,00,FE,FF,FE,FF,00,00,
720000,00000625,false,Rx,0,8,25,00,59,86,01,54,5C,06,
783000,0000060D,false,Rx,0,8,0D,10,83,B6,09,20,70,00,
820000,00000625,false,Rx,0,8,25,00,59,86,01,54,5C,06,
883000,0000060D,false,Rx,0,8,0D,10,83,B6,09,20,70,00,
0,00000054,false,Rx,0,8,00,00,FE,FF,57,02,00,00,
0,00000055,false,Rx,0,8,10,27,00,00,00,00,00,00,
893000,00000056,false,Rx,0,8,10,27,00,00,00,00,00,00,
893000,00000057,false,Rx,0,8,00,00,FE,FF,FE,FF,00,00,
0,000002C4,false,Rx,0,8,03,00,00,00,26,02,00,00,
0,000002C5,false,Rx,0,8,00,00,00,00,00,00,00,00,
912000,000002C6,false,Rx,0,8,32,00,7C,01,00,00,00,00,
921000,00000625,false,Rx,0,8,25,00,59,86,01,54,5C,06,
983000,0000060D,false,Rx,0,8,0D,10,83,B6,09,20,70,00,
20000,00000625,false,Rx,0,8,25,00,59,86,01,54,5C,06,
83000,0000060D,false,Rx,0,8,0D,10,83,B6,09,20,70,00,
92000,00000054,false,Rx,0,8,00,00,FE,FF,57,02,00,00,
93000,00000055,false,Rx,0,8,10,27,00,00,00,00,00,00,
93000,00000056,false,Rx,0,8,10,27,00,00,00,00,00,00,
93000,00000057,false,Rx,0,8,00,00,FE,FF,FE,FF,00,00,
120000,00000625,false,Rx,0,8,25,00,59,86,01,54,5C,06,
131000,000002C4,false,Rx,0,8,03,00,00,00,26,02,00,00,
132000,000002C5,false,Rx,0,8,00,00,00,00,00,00,00,00,
132000,000002C6,false,Rx,0,8,32,00,7C,01,00,00,00,00,
183000,0000060D,false,Rx,0,8,0D,10,83,B6,09,20,70,00,
220000,00000625,false,Rx,0,8,25,00,59,86,01,54,5C,06,
283000,0000060D,false,Rx,0,8,0D,10,83,B6,09,20,70,00,
292000,00000054,false,Rx,0,8,00,00,FE,FF,57,02,00,00,
292000,00000055,false,Rx,0,8,10,27,00,00,00,00,00,00,
293000,00000056,false,Rx,0,8,10,27,00,00,00,00,00,00,
293000,00000057,false,Rx,0,8,00,00,FE,FF,FE,FF,00,00,
320000,00000625,false,Rx,0,8,25,00,59,86,01,54,5C,06,
351000,000002C4,false,Rx,0,8,03,00,00,00,26,02,00,00,
351000,000002C5,false,Rx,0,8,00,00,00,00,00,00,00,00,
351000,000002C6,false,Rx,0,8,32,00,7C,01,00,00,00,00,
382000,0000060D,false,Rx,0,8,0D,10,83,B6,09,20,70,00,
420000,00000625,false,Rx,0,8,25,00,59,86,01,54,5C,06,
483000,0000060D,false,Rx,0,8,0D,10,83,B6,09,20,70,00,
0,00000054,false,Rx,0,8,00,00,FE,FF,57,02,00,00,
0,00000055,false,Rx,0,8,10,27,00,00,00,00,00,00,
493000,00000056,false,Rx,0,8,10,27,00,00,00,00,00,00,
494000,00000057,false,Rx,0,8,00,00,FE,FF,FE,FF,00,00,
520000,00000625,false,Rx,0,8,25,00,59,86,01,54,5C,06,
571000,000002C4,false,Rx,0,8,03,00,00,00,26,02,00,00,
571000,000002C5,false,Rx,0,8,00,00,00,00,00,00,00,00,
572000,000002C6,false,Rx,0,8,32,00,7C,01,00,00,00,00,
583000,0000060D,false,Rx,0,8,0D,10,83,B6,09,20,70,00,
620000,00000625,false,Rx,0,8,25,00,59,86,01,54,5C,06,
683000,0000060D,false,Rx,0,8,0D,10,83,B6,09,20,70,00,
693000,00000054,false,Rx,0,8,00,00,FE,FF,57,02,00,00,
693000,00000055,false,Rx,0,8,10,27,00,00,00,00,00,00,
693000,00000056,false,Rx,0,8,10,27,00,00,00,00,00,00,
694000,00000057,false,Rx,0,8,00,00,FE,FF,FE,FF,00,00,
720000,00000625,false,Rx,0,8,25,00,59,86,01,54,5C,06,
782000,0000060D,false,Rx,0,8,0D,10,83,B6,09,20,70,00,
790000,000002C4,false,Rx,0,8,03,00,00,00,26,02,00,00,
0,000002C5,false,Rx,0,8,00,00,00,00,00,00,00,00,
0,000002C6,false,Rx,0,8,32,00,7C,01,00,00,00,00,
819000,00000625,false,Rx,0,8,25,00,59,86,01,54,5C,06,
883000,0000060D,false,Rx,0,8,0D,10,83,B6,09,20,70,00,
892000,00000054,false,Rx,0,8,00,00,FE,FF,57,02,00,00,
893000,00000055,false,Rx,0,8,10,27,00,00,00,00,00,00,
893000,00000056,false,Rx,0,8,10,27,00,00,00,00,00,00,
893000,00000057,false,Rx,0,8,00,00,FE,FF,FE,FF,00,00,
920000,00000625,false,Rx,0,8,25,00,59,86,01,54,5C,06,
983000,0000060D,false,Rx,0,8,0D,10,83,B6,09,20,70,00,
0,000002C4,false,Rx,0,8,03,00,00,00,26,02,00,00,
0,000002C5,false,Rx,0,8,00,00,00,00,00,00,00,00,
11000,000002C6,false,Rx,0,8,32,00,7C,01,00,00,00,00,
20000,00000625,false,Rx,0,8,25,00,59,86,01,54,5C,06,
82000,0000060D,false,Rx,0,8,0D,10,83,B6,09,20,70,00,
93000,00000054,false,Rx,0,8,00,00,FE,FF,57,02,00,00,
94000,00000055,false,Rx,0,8,10,27,00,00,00,00,00,00,
94000,00000056,false,Rx,0,8,10,27,00,00,00,00,00,00,
94000,00000057,false,Rx,0,8,00,00,FE,FF,FE,FF,00,00,
120000,00000625,false,Rx,0,8,25,00,59,86,01,54,5C,06,
183000,0000060D,false,Rx,0,8,0D,10,83,B6,09,20,70,00,
220000,00000625,false,Rx,0,8,25,00,59,86,01,54,5C,06,
231000,000002C4,false,Rx,0,8,03,00,00,00,26,02,00,00,
232000,000002C5,false,Rx,0,8,00,00,00,00,00,00,00,00,
232000,000002C6,false,Rx,0,8,32,00,7C,01,00,00,00,00,
283000,0000060D,false,Rx,0,8,0D,10,83,B6,09,20,70,00,
292000,00000054,false,Rx,0,8,00,00,FE,FF,57,02,00,00,
293000,00000055,false,Rx,0,8,10,27,00,00,00,00,00,00,
293000,00000056,false,Rx,0,8,10,27,00,00,00,00,00,00,
294000,00000057,false,Rx,0,8,00,00,FE,FF,FE,FF,00,00,
320000,00000625,false,Rx,0,8,25,00,59,86,01,54,5C,06,
383000,0000060D,false,Rx,0,8,0D,10,83,B6,09,20,70,00,
420000,00000625,false,Rx,0,8,25,00,59,86,01,54,5C,06,
0,000002C4,false,Rx,0,8,03,00,00,00,26,02,00,00,
0,000002C5,false,Rx,0,8,00,00,00,00,00,00,00,00,
452000,000002C6,false,Rx,0,8,32,00,7C,01,00,00,00,00,
483000,0000060D,false,Rx,0,8,0D,10,83,B6,09,20,70,00,
0,00000054,false,Rx,0,8,00,00,FE,FF,57,02,00,00,
0,00000055,false,Rx,0,8,10,27,00,00,00,00,00,00,
493000,00000056,false,Rx,0,8,10,27,00,00,00,00,00,00,
494000,00000057,false,Rx,0,8,00,00,FE,FF,FE,FF,00,00,
520000,00000625,false,Rx,0,8,25,00,59,86,01,54,5C,06,
582000,0000060D,false,Rx,0,8,0D,10,83,B6,09,20,70,00,
620000,00000625,false,Rx,0,8,25,00,59,86,01,54,5C,06,
0,000002C4,false,Rx,0,8,03,00,00,00,26,02,00,00,
0,000002C5,false,Rx,0,8,00,00,00,00,00,00,00,00,
0,000002C6,false,Rx,0,8,32,00,7C,01,00,00,00,00,
683000,0000060D,false,Rx,0,8,0D,10,83,B6,09,20,70,00,
0,00000054,false,Rx,0,8,00,00,FE,FF,57,02,00,00,
0,00000055,false,Rx,0,8,10,27,00,00,00,00,00,00,
693000,00000056,false,Rx,0,8,10,27,00,00,00,00,00,00,
693000,00000057,false,Rx,0,8,00,00,FE,FF,FE,FF,00,00,
720000,00000625,false,Rx,0,8,25,00,59,86,01,54,5C,06,
820000,00000625,false,Rx,0,8,25,00,59,86,01,54,5C,06,
0,000002C4,false,Rx,0,8,03,00,00,00,26,02,00,00,
0,000002C5,false,Rx,0,8,00,00,00,00,00,00,00,00,
891000,000002C6,false,Rx,0,8,32,00,7C,01,00,00,00,00,
892000,00000054,false,Rx,0,8,00,00,FE,FF,57,02,00,00,
892000,00000055,false,Rx,0,8,10,27,00,00,00,00,00,00,
893000,00000056,false,Rx,0,8,10,27,00,00,00,00,00,00,
893000,00000057,false,Rx,0,8,00,00,FE,FF,FE,FF,00,00,
920000,00000625,false,Rx,0,8,25,00,59,86,01,54,5C,06,
20000,00000625,false,Rx,0,8,25,00,59,86,01,54,5C,06,
92000,00000054,false,Rx,0,8,00,00,FE,FF,57,02,00,00,
93000,00000055,false,Rx,0,8,10,27,00,00,00,00,00,00,
93000,00000056,false,Rx,0,8,10,27,00,00,00,00,00,00,
93000,00000057,false,Rx,0,8,00,00,FE,FF,FE,FF,00,00,
111000,000002C4,false,Rx,0,8,03,00,00,00,26,02,00,00,
111000,000002C5,false,Rx,0,8,00,00,00,00,00,00,00,00,
112000,000002C6,false,Rx,0,8,32,00,7C,01,00,00,00,00,
120000,00000625,false,Rx,0,8,25,00,59,86,01,54,5C,06,
220000,00000625,false,Rx,0,8,25,00,59,86,01,54,5C,06,
293000,00000054,false,Rx,0,8,00,00,FE,FF,57,02,00,00,
293000,00000055,false,Rx,0,8,10,27,00,00,00,00,00,00,
293000,00000056,false,Rx,0,8,10,27,00,00,00,00,00,00,
293000,00000057,false,Rx,0,8,00,00,FE,FF,FE,FF,00,00,
320000,00000625,false,Rx,0,8,25,00,59,86,01,54,5C,06,
331000,000002C4,false,Rx,0,8,03,00,00,00,26,02,00,00,
331000,000002C5,false,Rx,0,8,00,00,00,00,00,00,00,00,
332000,000002C6,false,Rx,0,8,32,00,7C,01,00,00,00,00,
420000,00000625,false,Rx,0,8,25,00,59,86,01,54,5C,06,
493000,00000054,false,Rx,0,8,00,00,FE,FF,57,02,00,00,
493000,00000055,false,Rx,0,8,10,27,00,00,00,00,00,00,
493000,00000056,false,Rx,0,8,10,27,00,00,00,00,00,00,
493000,00000057,false,Rx,0,8,00,00,FE,FF,FE,FF,00,00,
520000,00000625,false,Rx,0,8,25,00,59,86,01,54,5C,06,
551000,000002C4,false,Rx,0,8,03,00,00,00,26,02,00,00,
551000,000002C5,false,Rx,0,8,00,00,00,00,00,00,00,00,
551000,000002C6,false,Rx,0,8,32,00,7C,01,00,00,00,00,
620000,00000625,false,Rx,0,8,25,00,59,86,01,54,5C,06,
693000,00000054,false,Rx,0,8,00,00,FE,FF,57,02,00,00,
693000,00000055,false,Rx,0,8,10,27,00,00,00,00,00,00,
693000,00000056,false,Rx,0,8,10,27,00,00,00,00,00,00,
693000,00000057,false,Rx,0,8,00,00,FE,FF,FE,FF,00,00,
720000,00000625,false,Rx,0,8,25,00,59,86,01,54,5C,06,
770000,000002C4,false,Rx,0,8,03,00,00,00,26,02,00,00,
771000,000002C5,false,Rx,0,8,00,00,00,00,00,00,00,00,
771000,000002C6,false,Rx,0,8,32,00,7C,01,00,00,00,00,
820000,00000625,false,Rx,0,8,25,00,59,86,01,54,5C,06,
0,00000054,false,Rx,0,8,00,00,FE,FF,57,02,00,00,
0,00000055,false,Rx,0,8,10,27,00,00,00,00,00,00,
893000,00000056,false,Rx,0,8,10,27,00,00,00,00,00,00,
893000,00000057,false,Rx,0,8,00,00,FE,FF,FE,FF,00,00,
920000,00000625,false,Rx,0,8,25,00,59,86,01,54,5C,06,
992000,000002C4,false,Rx,0,8,03,00,00,00,26,02,00,00,
992000,000002C5,false,Rx,0,8,00,00,00,00,00,00,00,00,
992000,000002C6,false,Rx,0,8,32,00,7C,01,00,00,00,00,
21000,00000625,false,Rx,0,8,25,00,59,86,01,54,5C,06,
0,00000054,false,Rx,0,8,00,00,FE,FF,57,02,00,00,
0,00000055,false,Rx,0,8,10,27,00,00,00,00,00,00,
93000,00000056,false,Rx,0,8,10,27,00,00,00,00,00,00,
93000,00000057,false,Rx,0,8,00,00,FE,FF,FE,FF,00,00,
120000,00000625,false,Rx,0,8,25,00,59,86,01,54,5C,06,
0,000002C4,false,Rx,0,8,03,00,00,00,26,02,00,00,
0,000002C5,false,Rx,0,8,00,00,00,00,00,00,00,00,
0,000002C6,false,Rx,0,8,32,00,7C,01,00,00,00,00,
220000,00000625,false,Rx,0,8,25,00,59,86,01,54,5C,06,
293000,00000054,false,Rx,0,8,00,00,FE,FF,57,02,00,00,
293000,00000055,false,Rx,0,8,10,27,00,00,00,00,00,00,
0,00000056,false,Rx,0,8,10,27,00,00,00,00,00,00,
0,00000057,false,Rx,0,8,00,00,FE,FF,FE,FF,00,00,
320000,00000625,false,Rx,0,8,25,00,59,86,01,54,5C,06,
420000,00000625,false,Rx,0,8,25,00,59,86,01,54,5C,06,
431000,000002C4,false,Rx,0,8,03,00,00,00,26,02,00,00,
431000,000002C5,false,Rx,0,8,00,00,00,00,00,00,00,00,
431000,000002C6,false,Rx,0,8,32,00,7C,01,00,00,00,00,
0,00000054,false,Rx,0,8,00,00,FE,FF,57,02,00,00,
0,00000055,false,Rx,0,8,10,27,00,00,00,00,00,00,
493000,00000056,false,Rx,0,8,10,27,00,00,00,00,00,00,
493000,00000057,false,Rx,0,8,00,00,FE,FF,FE,FF,00,00,
520000,00000625,false,Rx,0,8,25,00,59,86,01,54,5C,06,
620000,00000625,false,Rx,0,8,25,00,59,86,01,54,5C,06,
651000,000002C4,false,Rx,0,8,03,00,00,00,26,02,00,00,
651000,000002C5,false,Rx,0,8,00,00,00,00,00,00,00,00,
651000,000002C6,false,Rx,0,8,32,00,7C,01,00,00,00,00,
692000,00000054,false,Rx,0,8,00,00,FE,FF,57,02,00,00,
693000,00000055,false,Rx,0,8,10,27,00,00,00,00,00,00,
693000,00000056,false,Rx,0,8,10,27,00,00,00,00,00,00,
693000,00000057,false,Rx,0,8,00,00,FE,FF,FE,FF,00,00,
720000,00000625,false,Rx,0,8,25,00,59,86,01,54,5C,06,
819000,00000625,false,Rx,0,8,25,00,59,86,01,54,5C,06,
872000,000002C4,false,Rx,0,8,03,00,00,00,26,02,00,00,
872000,000002C5,false,Rx,0,8,00,00,00,00,00,00,00,00,
872000,000002C6,false,Rx,0,8,32,00,7C,01,00,00,00,00,
892000,00000054,false,Rx,0,8,00,00,FE,FF,57,02,00,00,
892000,00000055,false,Rx,0,8,10,27,00,00,00,00,00,00,
893000,00000056,false,Rx,0,8,10,27,00,00,00,00,00,00,
893000,00000057,false,Rx,0,8,00,00,FE,FF,FE,FF,00,00,
920000,00000625,false,Rx,0,8,25,00,59,86,01,54,5C,06,
20000,00000625,false,Rx,0,8,25,00,59,86,01,54,5C,06,
91000,000002C4,false,Rx,0,8,03,00,00,00,26,02,00,00,
91000,000002C5,false,Rx,0,8,00,00,00,00,00,00,00,00,
92000,000002C6,false,Rx,0,8,32,00,7C,01,00,00,00,00,
93000,00000054,false,Rx,0,8,00,00,FE,FF,57,02,00,00,
0,00000055,false,Rx,0,8,10,27,00,00,00,00,00,00,
0,00000056,false,Rx,0,8,10,27,00,00,00,00,00,00,
94000,00000057,false,Rx,0,8,00,00,FE,FF,FE,FF,00,00,
120000,00000625,false,Rx,0,8,25,00,59,86,01,54,5C,06,
220000,00000625,false,Rx,0,8,25,00,59,86,01,54,5C,06,
292000,00000054,false,Rx,0,8,00,00,FE,FF,57,02,00,00,
293000,00000055,false,Rx,0,8,10,27,00,00,00,00,00,00,
0,00000056,false,Rx,0,8,10,27,00,00,00,00,00,00,
0,00000057,false,Rx,0,8,00,00,FE,FF,FE,FF,00,00,
312000,000002C4,false,Rx,0,8,03,00,00,00,27,02,00,00,
312000,000002C5,false,Rx,0,8,00,00,00,00,00,00,00,00,
312000,000002C6,false,Rx,0,8,32,00,7C,01,00,00,00,00,
320000,00000625,false,Rx,0,8,25,00,59,86,01,54,5C,06,
420000,00000625,false,Rx,0,8,25,00,59,86,01,54,5C,06,
0,00000054,false,Rx,0,8,00,00,FE,FF,57,02,00,00,
0,00000055,false,Rx,0,8,10,27,00,00,00,00,00,00,
493000,00000056,false,Rx,0,8,10,27,00,00,00,00,00,00,
494000,00000057,false,Rx,0,8,00,00,FE,FF,FE,FF,00,00,
520000,00000625,false,Rx,0,8,25,00,59,86,01,54,5C,06,
531000,000002C4,false,Rx,0,8,03,00,00,00,27,02,00,00,
531000,000002C5,false,Rx,0,8,00,00,00,00,00,00,00,00,
531000,000002C6,false,Rx,0,8,32,00,7C,01,00,00,00,00,
620000,00000625,false,Rx,0,8,25,00,59,86,01,54,5C,06,
693000,00000054,false,Rx,0,8,00,00,FE,FF,57,02,00,00,
693000,00000055,false,Rx,0,8,10,27,00,00,00,00,00,00,
693000,00000056,false,Rx,0,8,10,27,00,00,00,00,00,00,
693000,00000057,false,Rx,0,8,00,00,FE,FF,FE,FF,00,00,
720000,00000625,false,Rx,0,8,25,00,59,86,01,54,5C,06,
751000,000002C4,false,Rx,0,8,03,00,00,00,27,02,00,00,
751000,000002C5,false,Rx,0,8,00,00,00,00,00,00,00,00,
751000,000002C6,false,Rx,0,8,32,00,7C,01,00,00,00,00,
820000,00000625,false,Rx,0,8,25,00,59,86,01,54,5C,06,
0,00000054,false,Rx,0,8,00,00,FE,FF,57,02,00,00,
0,00000055,false,Rx,0,8,10,27,00,00,00,00,00,00,
893000,00000056,false,Rx,0,8,10,27,00,00,00,00,00,00,
893000,00000057,false,Rx,0,8,00,00,FE,FF,FE,FF,00,00,
920000,00000625,false,Rx,0,8,25,00,59,86,01,54,5C,06,
0,000002C4,false,Rx,0,8,03,00,00,00,27,02,00,00,
0,000002C5,false,Rx,0,8,00,00,00,00,00,00,00,00,
972000,000002C6,false,Rx,0,8,32,00,7C,01,00,00,00,00,
20000,00000625,false,Rx,0,8,25,00,59,86,01,54,5C,06,
93000,00000054,false,Rx,0,8,00,00,FE,FF,57,02,00,00,
93000,00000055,false,Rx,0,8,10,27,00,00,00,00,00,00,
93000,00000056,false,Rx,0,8,10,27,00,00,00,00,00,00,
94000,00000057,false,Rx,0,8,00,00,FE,FF,FE,FF,00,00,
120000,00000625,false,Rx,0,8,25,00,59,86,01,54,5C,06,
191000,000002C4,false,Rx,0,8,03,00,00,00,27,02,00,00,
192000,000002C5,false,Rx,0,8,00,00,00,00,00,00,00,00,
192000,000002C6,false,Rx,0,8,32,00,7C,01,00,00,00,00,
220000,00000625,false,Rx,0,8,25,00,59,86,01,54,5C,06,
292000,00000054,false,Rx,0,8,00,00,FE,FF,57,02,00,00,
292000,00000055,false,Rx,0,8,10,27,00,00,00,00,00,00,
293000,00000056,false,Rx,0,8,10,27,00,00,00,00,00,00,
293000,00000057,false,Rx,0,8,00,00,FE,FF,FE,FF,00,00,
321000,00000625,false,Rx,0,8,25,00,59,86,01,54,5C,06,
0,000002C4,false,Rx,0,8,03,00,00,00,27,02,00,00,
0,000002C5,false,Rx,0,8,00,00,00,00,00,00,00,00,
411000,000002C6,false,Rx,0,8,32,00,7C,01,00,00,00,00,
420000,00000625,false,Rx,0,8,25,00,59,86,01,54,5C,06,
493000,00000054,false,Rx,0,8,00,00,FE,FF,57,02,00,00,
493000,00000055,false,Rx,0,8,10,27,00,00,00,00,00,00,
493000,00000056,false,Rx,0,8,10,27,00,00,00,00,00,00,
494000,00000057,false,Rx,0,8,00,00,FE,FF,FE,FF,00,00,
520000,00000625,false,Rx,0,8,25,00,59,86,01,54,5C,06,
620000,00000625,false,Rx,0,8,25,00,59,86,01,54,5C,06,
632000,000002C4,false,Rx,0,8,03,00,00,00,27,02,00,00,
632000,000002C5,false,Rx,0,8,00,00,00,00,00,00,00,00,
632000,000002C6,false,Rx,0,8,32,00,7C,01,00,00,00,00,
693000,00000054,false,Rx,0,8,00,00,FE,FF,57,02,00,00,
693000,00000055,false,Rx,0,8,10,27,00,00,00,00,00,00,
693000,00000056,false,Rx,0,8,10,27,00,00,00,00,00,00,
693000,00000057,false,Rx,0,8,00,00,FE,FF,FE,FF,00,00,
721000,00000625,false,Rx,0,8,25,00,59,86,01,54,5C,06,
820000,00000625,false,Rx,0,8,25,00,59,86,01,54,5C,06,
851000,000002C4,false,Rx,0,8,03,00,00,00,27,02,00,00,
851000,000002C5,false,Rx,0,8,00,00,00,00,00,00,00,00,
852000,000002C6,false,Rx,0,8,32,00,7C,01,00,00,00,00,
892000,00000054,false,Rx,0,8,00,00,FE,FF,57,02,00,00,
892000,00000055,false,Rx,0,8,10,27,00,00,00,00,00,00,
893000,00000056,false,Rx,0,8,10,27,00,00,00,00,00,00,
893000,00000057,false,Rx,0,8,00,00,FE,FF,FE,FF,00,00,
920000,00000625,false,Rx,0,8,25,00,59,86,01,54,5C,06,
20000,00000625,false,Rx,0,8,25,00,59,86,01,54,5C,06,
71000,000002C4,false,Rx,0,8,03,00,00,00,27,02,00,00,
0,000002C5,false,Rx,0,8,00,00,00,00,00,00,00,00,
0,000002C6,false,Rx,0,8,32,00,7C,01,00,00,00,00,
93000,00000054,false,Rx,0,8,00,00,FE,FF,57,02,00,00,
93000,00000055,false,Rx,0,8,10,27,00,00,00,00,00,00,
93000,00000056,false,Rx,0,8,10,27,00,00,00,00,00,00,
94000,00000057,false,Rx,0,8,00,00,FE,FF,FE,FF,00,00,
120000,00000625,false,Rx,0,8,25,00,59,86,01,54,5C,06,
0,000002C4,false,Rx,0,8,03,00,00,00,27,02,00,00,
0,000002C5,false,Rx,0,8,00,00,00,00,00,00,00,00,
292000,000002C6,false,Rx,0,8,32,00,7C,01,00,00,00,00,
292000,00000054,false,Rx,0,8,00,00,FE,FF,57,02,00,00,
293000,00000055,false,Rx,0,8,10,27,00,00,00,00,00,00,
293000,00000056,false,Rx,0,8,10,27,00,00,00,00,00,00,
293000,00000057,false,Rx,0,8,00,00,FE,FF,FE,FF,00,00,
493000,00000054,false,Rx,0,8,00,00,FE,FF,57,02,00,00,
493000,00000055,false,Rx,0,8,10,27,00,00,00,00,00,00,
493000,00000056,false,Rx,0,8,10,27,00,00,00,00,00,00,
494000,00000057,false,Rx,0,8,00,00,FE,FF,FE,FF,00,00,
511000,000002C4,false,Rx,0,8,03,00,00,00,27,02,00,00,
512000,000002C5,false,Rx,0,8,00,00,00,00,00,00,00,00,
512000,000002C6,false,Rx,0,8,32,00,7C,01,00,00,00,00,
692000,00000054,false,Rx,0,8,00,00,FE,FF,57,02,00,00,
692000,00000055,false,Rx,0,8,10,27,00,00,00,00,00,00,
692000,00000056,false,Rx,0,8,10,27,00,00,00,00,00,00,
693000,00000057,false,Rx,0,8,00,00,FE,FF,FE,FF,00,00,
731000,000002C4,false,Rx,0,8,03,00,00,00,27,02,00,00,
731000,000002C5,false,Rx,0,8,00,00,00,00,00,00,00,00,
732000,000002C6,false,Rx,0,8,32,00,7C,01,00,00,00,00,
0,00000054,false,Rx,0,8,00,00,FE,FF,57,02,00,00,
0,00000055,false,Rx,0,8,10,27,00,00,00,00,00,00,
0,00000056,false,Rx,0,8,10,27,00,00,00,00,00,00,
0,00000057,false,Rx,0,8,00,00,FE,FF,FE,FF,00,00,
0,000002C4,false,Rx,0,8,03,00,00,00,27,02,00,00,
0,000002C5,false,Rx,0,8,00,00,00,00,00,00,00,00,
952000,000002C6,false,Rx,0,8,32,00,7C,01,00,00,00,00,
93000,00000054,false,Rx,0,8,00,00,FE,FF,57,02,00,00,
93000,00000055,false,Rx,0,8,10,27,00,00,00,00,00,00,
93000,00000056,false,Rx,0,8,10,27,00,00,00,00,00,00,
94000,00000057,false,Rx,0,8,00,00,FE,FF,FE,FF,00,00,
736000,0000060D,false,Rx,0,8,0D,10,83,B6,09,20,70,00,
0,00000054,false,Rx,0,8,00,00,FE,FF,56,02,00,00,
0,00000055,false,Rx,0,8,10,27,00,00,00,00,00,00,
747000,00000056,false,Rx,0,8,10,27,00,00,00,00,00,00,
747000,00000057,false,Rx,0,8,00,00,FE,FF,FE,FF,00,00,
766000,00000065,false,Rx,0,8,56,02,01,00,00,00,00,00,
786000,00000065,false,Rx,0,8,58,02,02,00,00,00,00,00,
837000,0000060D,false,Rx,0,8,0D,10,83,B6,09,20,70,00,
0,00000065,false,Rx,0,8,58,02,02,00,00,00,00,00,
0,0000060D,false,Rx,0,8,0D,10,83,B6,09,20,70,00,
0,00000054,false,Rx,0,8,00,00,FE,FF,58,02,00,00,
0,00000055,false,Rx,0,8,10,27,00,00,00,00,00,00,
946000,00000056,false,Rx,0,8,10,27,00,00,00,00,00,00,
946000,00000057,false,Rx,0,8,00,00,FE,FF,FE,FF,00,00,
973000,00000625,false,Rx,0,8,25,00,58,86,01,54,5C,06,
984000,000002C4,false,Rx,0,8,02,00,00,00,25,02,00,00,
985000,000002C5,false,Rx,0,8,00,00,00,00,00,00,00,00,
985000,000002C6,false,Rx,0,8,32,00,7C,01,00,00,00,00,
36000,0000060D,false,Rx,0,8,0D,10,83,B6,09,20,70,00,
73000,00000625,false,Rx,0,8,25,00,58,86,01,54,5C,06,
86000,00000065,false,Rx,0,8,58,02,02,00,00,00,00,00,
136000,0000060D,false,Rx,0,8,0D,10,83,B6,09,20,70,00,
146000,00000054,false,Rx,0,8,00,00,FE,FF,58,02,00,00,
146000,00000055,false,Rx,0,8,10,27,00,00,00,00,00,00,
146000,00000056,false,Rx,0,8,10,27,00,00,00,00,00,00,
147000,00000057,false,Rx,0,8,00,00,FE,FF,FE,FF,00,00,
173000,00000625,false,Rx,0,8,25,00,59,86,01,54,5C,06,
205000,000002C4,false,Rx,0,8,02,00,00,00,26,02,00,00,
205000,000002C5,false,Rx,0,8,00,00,00,00,00,00,00,00,
205000,000002C6,false,Rx,0,8,32,00,7C,01,00,00,00,00,
0,00000065,false,Rx,0,8,58,02,02,00,00,00,00,00,
0,0000060D,false,Rx,0,8,0D,10,83,B6,09,20,70,00,
273000,00000625,false,Rx,0,8,25,00,59,86,01,54,5C,06,
336000,0000060D,false,Rx,0,8,0D,10,83,B6,09,20,70,00,
345000,00000054,false,Rx,0,8,00,00,FE,FF,58,02,00,00,
345000,00000055,false,Rx,0,8,10,27,00,00,00,00,00,00,
346000,00000056,false,Rx,0,8,10,27,00,00,00,00,00,00,
346000,00000057,false,Rx,0,8,00,00,FE,FF,FE,FF,00,00,
374000,00000625,false,Rx,0,8,25,00,59,86,01,54,5C,06,
0,000002C4,false,Rx,0,8,02,00,00,00,26,02,00,00,
0,000002C5,false,Rx,0,8,00,00,00,00,00,00,00,00,
425000,000002C6,false,Rx,0,8,32,00,7C,01,00,00,00,00,
435000,0000060D,false,Rx,0,8,0D,10,83,B6,09,20,70,00,
473000,00000625,false,Rx,0,8,25,00,59,86,01,54,5C,06,
536000,0000060D,false,Rx,0,8,0D,10,83,B6,09,20,70,00,
546000,00000054,false,Rx,0,8,00,00,FE,FF,58,02,00,00,
546000,00000055,false,Rx,0,8,10,27,00,00,00,00,00,00,
546000,00000056,false,Rx,0,8,10,27,00,00,00,00,00,00,
546000,00000057,false,Rx,0,8,00,00,FE,FF,FE,FF,00,00,
573000,00000625,false,Rx,0,8,25,00,59,86,01,54,5C,06,
635000,0000060D,false,Rx,0,8,0D,10,83,B6,09,20,70,00,
645000,000002C4,false,Rx,0,8,02,00,00,00,26,02,00,00,
645000,000002C5,false,Rx,0,8,00,00,00,00,00,00,00,00,
645000,000002C6,false,Rx,0,8,32,00,7C,01,00,00,00,00,
674000,00000625,false,Rx,0,8,25,00,59,86,01,54,5C,06,
736000,0000060D,false,Rx,0,8,0D,10,83,B6,09,20,70,00,
745000,00000054,false,Rx,0,8,00,00,FE,FF,58,02,00,00,
745000,00000055,false,Rx,0,8,10,27,00,00,00,00,00,00,
746000,00000056,false,Rx,0,8,10,27,00,00,00,00,00,00,
746000,00000057,false,Rx,0,8,00,00,FE,FF,FE,FF,00,00,
773000,00000625,false,Rx,0,8,25,00,59,86,01,54,5C,06,
836000,0000060D,false,Rx,0,8,0D,10,83,B6,09,20,70,00,
865000,000002C4,false,Rx,0,8,03,00,00,00,26,02,00,00,
865000,000002C5,false,Rx,0,8,00,00,00,00,00,00,00,00,
865000,000002C6,false,Rx,0,8,32,00,7C,01,00,00,00,00,
874000,00000625,false,Rx,0,8,25,00,59,86,01,54,5C,06,
935000,0000060D,false,Rx,0,8,0D,10,83,B6,09,20,70,00,
945000,00000054,false,Rx,0,8,00,00,FE,FF,58,02,00,00,
945000,00000055,false,Rx,0,8,10,27,00,00,00,00,00,00,
946000,00000056,false,Rx,0,8,10,27,00,00,00,00,00,00,
946000,00000057,false,Rx,0,8,00,00,FE,FF,FE,FF,00,00,
973000,00000625,false,Rx,0,8,25,00,59,86,01,54,5C,06,
36000,0000060D,false,Rx,0,8,0D,10,83,B6,09,20,70,00,
73000,00000625,false,Rx,0,8,25,00,59,86,01,54,5C,06,
84000,000002C4,false,Rx,0,8,03,00,00,00,26,02,00,00,
84000,000002C5,false,Rx,0,8,00,00,00,00,00,00,00,00,
84000,000002C6,false,Rx,0,8,32,00,7C,01,00,00,00,00,
136000,0000060D,false,Rx,0,8,0D,10,83,B6,09,20,70,00,
146000,00000054,false,Rx,0,8,00,00,FE,FF,58,02,00,00,
146000,00000055,false,Rx,0,8,10,27,00,00,00,00,00,00,
146000,00000056,false,Rx,0,8,10,27,00,00,00,00,00,00,
146000,00000057,false,Rx,0,8,00,00,FE,FF,FE,FF,00,00,
173000,00000625,false,Rx,0,8,25,00,59,86,01,54,5C,06,
236000,0000060D,false,Rx,0,8,0D,10,83,B6,09,20,70,00,
273000,00000625,false,Rx,0,8,25,00,59,86,01,54,5C,06,
304000,000002C4,false,Rx,0,8,03,00,00,00,26,02,00,00,
304000,000002C5,false,Rx,0,8,00,00,00,00,00,00,00,00,
305000,000002C6,false,Rx,0,8,32,00,7C,01,00,00,00,00,
336000,0000060D,false,Rx,0,8,0D,10,83,B6,09,20,70,00,
346000,00000054,false,Rx,0,8,00,00,FE,FF,58,02,00,00,
346000,00000055,false,Rx,0,8,10,27,00,00,00,00,00,00,
346000,00000056,false,Rx,0,8,10,27,00,00,00,00,00,00,
347000,00000057,false,Rx,0,8,00,00,FE,FF,FE,FF,00,00,
373000,00000625,false,Rx,0,8,25,00,59,86,01,54,5C,06,
436000,0000060D,false,Rx,0,8,0D,10,83,B6,09,20,70,00,
473000,00000625,false,Rx,0,8,25,00,59,86,01,54,5C,06,
524000,000002C4,false,Rx,0,8,03,00,00,00,26,02,00,00,
524000,000002C5,false,Rx,0,8,00,00,00,00,00,00,00,00,
525000,000002C6,false,Rx,0,8,32,00,7C,01,00,00,00,00,
536000,0000060D,false,Rx,0,8,0D,10,83,B6,09,20,70,00,
546000,00000054,false,Rx,0,8,00,00,FE,FF,58,02,00,00,
546000,00000055,false,Rx,0,8,10,27,00,00,00,00,00,00,
0,00000056,false,Rx,0,8,10,27,00,00,00,00,00,00,
0,00000057,false,Rx,0,8,00,00,FE,FF,FE,FF,00,00,
573000,00000625,false,Rx,0,8,25,00,59,86,01,54,5C,06,
636000,0000060D,false,Rx,0,8,0D,10,83,B6,09,20,70,00,
673000,00000625,false,Rx,0,8,25,00,59,86,01,54,5C,06,
736000,0000060D,false,Rx,0,8,0D,10,83,B6,09,20,70,00,
0,000002C4,false,Rx,0,8,03,00,00,00,26,02,00,00,
0,000002C5,false,Rx,0,8,00,00,00,00,00,00,00,00,
0,000002C6,false,Rx,0,8,32,00,7C,01,00,00,00,00,
0,00000054,false,Rx,0,8,00,00,FE,FF,58,02,00,00,
0,00000055,false,Rx,0,8,10,27,00,00,00,00,00,00,
0,00000056,false,Rx,0,8,10,27,00,00,00,00,00,00,
0,00000057,false,Rx,0,8,00,00,FE,FF,FE,FF,00,00,
773000,00000625,false,Rx,0,8,25,00,59,86,01,54,5C,06,
836000,0000060D,false,Rx,0,8,0D,10,83,B6,09,20,70,00,
873000,00000625,false,Rx,0,8,25,00,59,86,01,54,5C,06,
936000,0000060D,false,Rx,0,8,0D,10,83,B6,09,20,70,00,
946000,00000054,false,Rx,0,8,00,00,FE,FF,58,02,00,00,
946000,00000055,false,Rx,0,8,10,27,00,00,00,00,00,00,
0,00000056,false,Rx,0,8,10,27,00,00,00,00,00,00,
0,00000057,false,Rx,0,8,00,00,FE,FF,FE,FF,00,00,
964000,000002C4,false,Rx,0,8,03,00,00,00,26,02,00,00,
964000,000002C5,false,Rx,0,8,00,00,00,00,00,00,00,00,
964000,000002C6,false,Rx,0,8,32,00,7C,01,00,00,00,00,
973000,00000625,false,Rx,0,8,25,00,59,86,01,54,5C,06,
36000,0000060D,false,Rx,0,8,0D,10,83,B6,09,20,70,00,
73000,00000625,false,Rx,0,8,25,00,59,86,01,54,5C,06,
135000,0000060D,false,Rx,0,8,0D,10,83,B6,09,20,70,00,
146000,00000054,false,Rx,0,8,00,00,FE,FF,58,02,00,00,
146000,00000055,false,Rx,0,8,10,27,00,00,00,00,00,00,
0,00000056,false,Rx,0,8,10,27,00,00,00,00,00,00,
0,00000057,false,Rx,0,8,00,00,FE,FF,FE,FF,00,00,
174000,00000625,false,Rx,0,8,25,00,59,86,01,54,5C,06,
184000,000002C4,false,Rx,0,8,03,00,00,00,26,02,00,00,
0,000002C5,false,Rx,0,8,00,00,00,00,00,00,00,00,
0,000002C6,false,Rx,0,8,32,00,7C,01,00,00,00,00,
236000,0000060D,false,Rx,0,8,0D,10,83,B6,09,20,70,00,
273000,00000625,false,Rx,0,8,25,00,59,86,01,54,5C,06,
336000,0000060D,false,Rx,0,8,0D,10,83,B6,09,20,70,00,
346000,00000054,false,Rx,0,8,00,00,FE,FF,58,02,00,00,
346000,00000055,false,Rx,0,8,10,27,00,00,00,00,00,00,
346000,00000056,false,Rx,0,8,10,27,00,00,00,00,00,00,
346000,00000057,false,Rx,0,8,00,00,FE,FF,FE,FF,00,00,
374000,00000625,false,Rx,0,8,25,00,59,86,01,54,5C,06,
0,000002C4,false,Rx,0,8,03,00,00,00,26,02,00,00,
0,000002C5,false,Rx,0,8,00,00,00,00,00,00,00,00,
405000,000002C6,false,Rx,0,8,32,00,7C,01,00,00,00,00,
436000,0000060D,false,Rx,0,8,0D,10,83,B6,09,20,70,00,
473000,00000625,false,Rx,0,8,25,00,59,86,01,54,5C,06,
535000,0000060D,false,Rx,0,8,0D,10,83,B6,09,20,70,00,
545000,00000054,false,Rx,0,8,00,00,FE,FF,58,02,00,00,
545000,00000055,false,Rx,0,8,10,27,00,00,00,00,00,00,
545000,00000056,false,Rx,0,8,10,27,00,00,00,00,00,00,
546000,00000057,false,Rx,0,8,00,00,FE,FF,FE,FF,00,00,
573000,00000625,false,Rx,0,8,25,00,59,86,01,54,5C,06,
625000,000002C4,false,Rx,0,8,03,00,00,00,26,02,00,00,
625000,000002C5,false,Rx,0,8,00,00,00,00,00,00,00,00,
625000,000002C6,false,Rx,0,8,32,00,7C,01,00,00,00,00,
636000,0000060D,false,Rx,0,8,0D,10,83,B6,09,20,70,00,
673000,00000625,false,Rx,0,8,25,00,59,86,01,54,5C,06,
736000,0000060D,false,Rx,0,8,0D,10,83,B6,09,20,70,00,
0,00000054,false,Rx,0,8,00,00,FE,FF,58,02,00,00,
0,00000055,false,Rx,0,8,10,27,00,00,00,00,00,00,
746000,00000056,false,Rx,0,8,10,27,00,00,00,00,00,00,
746000,00000057,false,Rx,0,8,00,00,FE,FF,FE,FF,00,00,
773000,00000625,false,Rx,0,8,25,00,59,86,01,54,5C,06,
836000,0000060D,false,Rx,0,8,0D,10,83,B6,09,20,70,00,
844000,000002C4,false,Rx,0,8,03,00,00,00,26,02,00,00,
844000,000002C5,false,Rx,0,8,00,00,00,00,00,00,00,00,
845000,000002C6,false,Rx,0,8,32,00,7C,01,00,00,00,00,
873000,00000625,false,Rx,0,8,25,00,59,86,01,54,5C,06,
936000,0000060D,false,Rx,0,8,0D,10,83,B6,09,20,70,00,
945000,00000054,false,Rx,0,8,00,00,FE,FF,58,02,00,00,
945000,00000055,false,Rx,0,8,10,27,00,00,00,00,00,00,
946000,00000056,false,Rx,0,8,10,27,00,00,00,00,00,00,
946000,00000057,false,Rx,0,8,00,00,FE,FF,FE,FF,00,00,
973000,00000625,false,Rx,0,8,25,00,59,86,01,54,5C,06,
36000,0000060D,false,Rx,0,8,0D,10,83,B6,09,20,70,00,
65000,000002C4,false,Rx,0,8,03,00,00,00,26,02,00,00,
65000,000002C5,false,Rx,0,8,00,00,00,00,00,00,00,00,
65000,000002C6,false,Rx,0,8,32,00,7C,01,00,00,00,00,
73000,00000625,false,Rx,0,8,25,00,59,86,01,54,5C,06,
136000,0000060D,false,Rx,0,8,0D,10,83,B6,09,20,70,00,
145000,00000054,false,Rx,0,8,00,00,FE,FF,58,02,00,00,
146000,00000055,false,Rx,0,8,10,27,00,00,00,00,00,00,
0,00000056,false,Rx,0,8,10,27,00,00,00,00,00,00,
0,00000057,false,Rx,0,8,00,00,FE,FF,FE,FF,00,00,
173000,00000625,false,Rx,0,8,25,00,59,86,01,54,5C,06,
236000,0000060D,false,Rx,0,8,0D,10,83,B6,09,20,70,00,
274000,00000625,false,Rx,0,8,25,00,59,86,01,54,5C,06,
0,000002C4,false,Rx,0,8,03,00,00,00,26,02,00,00,
0,000002C5,false,Rx,0,8,00,00,00,00,00,00,00,00,
285000,000002C6,false,Rx,0,8,32,00,7C,01,00,00,00,00,
336000,0000060D,false,Rx,0,8,0D,10,83,B6,09,20,70,00,
346000,00000054,false,Rx,0,8,00,00,FE,FF,58,02,00,00,
346000,00000055,false,Rx,0,8,10,27,00,00,00,00,00,00,
346000,00000056,false,Rx,0,8,10,27,00,00,00,00,00,00,
346000,00000057,false,Rx,0,8,00,00,FE,FF,FE,FF,00,00,
373000,00000625,false,Rx,0,8,25,00,59,86,01,54,5C,06,
436000,0000060D,false,Rx,0,8,0D,10,83,B6,09,20,70,00,
474000,00000625,false,Rx,0,8,25,00,59,86,01,54,5C,06,
505000,000002C4,false,Rx,0,8,03,00,00,00,26,02,00,00,
505000,000002C5,false,Rx,0,8,00,00,00,00,00,00,00,00,
505000,000002C6,false,Rx,0,8,32,00,7C,01,00,00,00,00,
535000,0000060D,false,Rx,0,8,0D,10,83,B6,09,20,70,00,
545000,00000054,false,Rx,0,8,00,00,FE,FF,58,02,00,00,
545000,00000055,false,Rx,0,8,10,27,00,00,00,00,00,00,
546000,00000056,false,Rx,0,8,10,27,00,00,00,00,00,00,
546000,00000057,false,Rx,0,8,00,00,FE,FF,FE,FF,00,00,
573000,00000625,false,Rx,0,8,25,00,59,86,01,54,5C,06,
636000,0000060D,false,Rx,0,8,0D,10,83,B6,09,20,70,00,
673000,00000625,false,Rx,0,8,25,00,59,86,01,54,5C,06,
0,000002C4,false,Rx,0,8,03,00,00,00,26,02,00,00,
0,000002C5,false,Rx,0,8,00,00,00,00,00,00,00,00,
725000,000002C6,false,Rx,0,8,32,00,7C,01,00,00,00,00,
736000,0000060D,false,Rx,0,8,0D,10,83,B6,09,20,70,00,
0,00000054,false,Rx,0,8,00,00,FE,FF,58,02,00,00,
0,00000055,false,Rx,0,8,10,27,00,00,00,00,00,00,
746000,00000056,false,Rx,0,8,10,27,00,00,00,00,00,00,
746000,00000057,false,Rx,0,8,00,00,FE,FF,FE,FF,00,00,
773000,00000625,false,Rx,0,8,25,00,59,86,01,54,5C,06,
873000,00000625,false,Rx,0,8,25,00,59,86,01,54,5C,06,
0,000002C4,false,Rx,0,8,03,00,00,00,26,02,00,00,
0,000002C5,false,Rx,0,8,00,00,00,00,00,00,00,00,
945000,000002C6,false,Rx,0,8,32,00,7C,01,00,00,00,00,
945000,00000054,false,Rx,0,8,00,00,FE,FF,58,02,00,00,
0,00000055,false,Rx,0,8,10,27,00,00,00,00,00,00,
0,00000056,false,Rx,0,8,10,27,00,00,00,00,00,00,
947000,00000057,false,Rx,0,8,00,00,FE,FF,FE,FF,00,00,
974000,00000625,false,Rx,0,8,25,00,59,86,01,54,5C,06,
73000,00000625,false,Rx,0,8,25,00,59,86,01,54,5C,06,
0,00000054,false,Rx,0,8,00,00,FE,FF,58,02,00,00,
0,00000055,false,Rx,0,8,10,27,00,00,00,00,00,00,
0,00000056,false,Rx,0,8,10,27,00,00,00,00,00,00,
147000,00000057,false,Rx,0,8,00,00,FE,FF,FE,FF,00,00,
164000,000002C4,false,Rx,0,8,03,00,00,00,26,02,00,00,
164000,000002C5,false,Rx,0,8,00,00,00,00,00,00,00,00,
164000,000002C6,false,Rx,0,8,32,00,7C,01,00,00,00,00,
173000,00000625,false,Rx,0,8,25,00,59,86,01,54,5C,06,
273000,00000625,false,Rx,0,8,25,00,59,86,01,54,5C,06,
346000,00000054,false,Rx,0,8,00,00,FE,FF,58,02,00,00,
346000,00000055,false,Rx,0,8,10,27,00,00,00,00,00,00,
346000,00000056,false,Rx,0,8,10,27,00,00,00,00,00,00,
346000,00000057,false,Rx,0,8,00,00,FE,FF,FE,FF,00,00,
374000,00000625,false,Rx,0,8,25,00,59,86,01,54,5C,06,
385000,000002C4,false,Rx,0,8,03,00,00,00,27,02,00,00,
385000,000002C5,false,Rx,0,8,00,00,00,00,00,00,00,00,
385000,000002C6,false,Rx,0,8,32,00,7C,01,00,00,00,00,
474000,00000625,false,Rx,0,8,25,00,59,86,01,54,5C,06,
545000,00000054,false,Rx,0,8,00,00,FE,FF,58,02,00,00,
545000,00000055,false,Rx,0,8,10,27,00,00,00,00,00,00,
546000,00000056,false,Rx,0,8,10,27,00,00,00,00,00,00,
546000,00000057,false,Rx,0,8,00,00,FE,FF,FE,FF,00,00,
574000,00000625,false,Rx,0,8,25,00,59,86,01,54,5C,06,
604000,000002C4,false,Rx,0,8,03,00,00,00,27,02,00,00,
604000,000002C5,false,Rx,0,8,00,00,00,00,00,00,00,00,
604000,000002C6,false,Rx,0,8,32,00,7C,01,00,00,00,00,
674000,00000625,false,Rx,0,8,25,00,59,86,01,54,5C,06,
0,00000054,false,Rx,0,8,00,00,FE,FF,58,02,00,00,
0,00000055,false,Rx,0,8,10,27,00,00,00,00,00,00,
746000,00000056,false,Rx,0,8,10,27,00,00,00,00,00,00,
746000,00000057,false,Rx,0,8,00,00,FE,FF,FE,FF,00,00,
773000,00000625,false,Rx,0,8,25,00,59,86,01,54,5C,06,
825000,000002C4,false,Rx,0,8,03,00,00,00,27,02,00,00,
825000,000002C5,false,Rx,0,8,00,00,00,00,00,00,00,00,
825000,000002C6,false,Rx,0,8,32,00,7C,01,00,00,00,00,
874000,00000625,false,Rx,0,8,25,00,59,86,01,54,5C,06,
0,00000054,false,Rx,0,8,00,00,FE,FF,58,02,00,00,
0,00000055,false,Rx,0,8,10,27,00,00,00,00,00,00,
947000,00000056,false,Rx,0,8,10,27,00,00,00,00,00,00,
947000,00000057,false,Rx,0,8,00,00,FE,FF,FE,FF,00,00,
974000,00000625,false,Rx,0,8,25,00,59,86,01,54,5C,06,
44000,000002C4,false,Rx,0,8,03,00,00,00,27,02,00,00,
0,000002C5,false,Rx,0,8,00,00,00,00,00,00,00,00,
0,000002C6,false,Rx,0,8,32,00,7C,01,00,00,00,00,
73000,00000625,false,Rx,0,8,25,00,59,86,01,54,5C,06,
146000,00000054,false,Rx,0,8,00,00,FE,FF,58,02,00,00,
146000,00000055,false,Rx,0,8,10,27,00,00,00,00,00,00,
146000,00000056,false,Rx,0,8,10,27,00,00,00,00,00,00,
146000,00000057,false,Rx,0,8,00,00,FE,FF,FE,FF,00,00,
173000,00000625,false,Rx,0,8,25,00,59,86,01,54,5C,06,
264000,000002C4,false,Rx,0,8,03,00,00,00,27,02,00,00,
265000,000002C5,false,Rx,0,8,00,00,00,00,00,00,00,00,
265000,000002C6,false,Rx,0,8,32,00,7C,01,00,00,00,00,
273000,00000625,false,Rx,0,8,25,00,59,86,01,54,5C,06,
346000,00000054,false,Rx,0,8,00,00,FE,FF,58,02,00,00,
346000,00000055,false,Rx,0,8,10,27,00,00,00,00,00,00,
346000,00000056,false,Rx,0,8,10,27,00,00,00,00,00,00,
346000,00000057,false,Rx,0,8,00,00,FE,FF,FE,FF,00,00,
373000,00000625,false,Rx,0,8,25,00,59,86,01,54,5C,06,
474000,00000625,false,Rx,0,8,25,00,59,86,01,54,5C,06,
0,000002C4,false,Rx,0,8,03,00,00,00,27,02,00,00,
0,000002C5,false,Rx,0,8,00,00,00,00,00,00,00,00,
485000,000002C6,false,Rx,0,8,32,00,7C,01,00,00,00,00,
545000,00000054,false,Rx,0,8,00,00,FE,FF,58,02,00,00,
545000,00000055,false,Rx,0,8,10,27,00,00,00,00,00,00,
546000,00000056,false,Rx,0,8,10,27,00,00,00,00,00,00,
546000,00000057,false,Rx,0,8,00,00,FE,FF,FE,FF,00,00,
573000,00000625,false,Rx,0,8,25,00,59,86,01,54,5C,06,
673000,00000625,false,Rx,0,8,25,00,59,86,01,54,5C,06,
0,000002C4,false,Rx,0,8,03,00,00,00,27,02,00,00,
0,000002C5,false,Rx,0,8,00,00,00,00,00,00,00,00,
705000,000002C6,false,Rx,0,8,32,00,7C,01,00,00,00,00,
746000,00000054,false,Rx,0,8,00,00,FE,FF,58,02,00,00,
746000,00000055,false,Rx,0,8,10,27,00,00,00,00,00,00,
746000,00000056,false,Rx,0,8,10,27,00,00,00,00,00,00,
747000,00000057,false,Rx,0,8,00,00,FE,FF,FE,FF,00,00,
773000,00000625,false,Rx,0,8,25,00,59,86,01,54,5C,06,
874000,00000625,false,Rx,0,8,25,00,59,86,01,54,5C,06,
925000,000002C4,false,Rx,0,8,03,00,00,00,27,02,00,00,
925000,000002C5,false,Rx,0,8,00,00,00,00,00,00,00,00,
925000,000002C6,false,Rx,0,8,32,00,7C,01,00,00,00,00,
945000,00000054,false,Rx,0,8,00,00,FE,FF,58,02,00,00,
945000,00000055,false,Rx,0,8,10,27,00,00,00,00,00,00,
946000,00000056,false,Rx,0,8,10,27,00,00,00,00,00,00,
946000,00000057,false,Rx,0,8,00,00,FE,FF,FE,FF,00,00,
973000,00000625,false,Rx,0,8,25,00,59,86,01,54,5C,06,
73000,00000625,false,Rx,0,8,25,00,59,86,01,54,5C,06,
144000,000002C4,false,Rx,0,8,03,00,00,00,27,02,00,00,
144000,000002C5,false,Rx,0,8,00,00,00,00,00,00,00,00,
145000,000002C6,false,Rx,0,8,32,00,7C,01,00,00,00,00,
145000,00000054,false,Rx,0,8,00,00,FE,FF,58,02,00,00,
146000,00000055,false,Rx,0,8,10,27,00,00,00,00,00,00,
146000,00000056,false,Rx,0,8,10,27,00,00,00,00,00,00,
146000,00000057,false,Rx,0,8,00,00,FE,FF,FE,FF,00,00,
173000,00000625,false,Rx,0,8,25,00,59,86,01,54,5C,06,
273000,00000625,false,Rx,0,8,25,00,59,86,01,54,5C,06,
345000,00000054,false,Rx,0,8,00,00,FE,FF,58,02,00,00,
346000,00000055,false,Rx,0,8,10,27,00,00,00,00,00,00,
346000,00000056,false,Rx,0,8,10,27,00,00,00,00,00,00,
346000,00000057,false,Rx,0,8,00,00,FE,FF,FE,FF,00,00,
0,000002C4,false,Rx,0,8,03,00,00,00,27,02,00,00,
0,000002C5,false,Rx,0,8,00,00,00,00,00,00,00,00,
365000,000002C6,false,Rx,0,8,32,00,7C,01,00,00,00,00,
373000,00000625,false,Rx,0,8,25,00,59,86,01,54,5C,06,
474000,00000625,false,Rx,0,8,25,00,59,86,01,54,5C,06,
545000,00000054,false,Rx,0,8,00,00,FE,FF,58,02,00,00,
546000,00000055,false,Rx,0,8,10,27,00,00,00,00,00,00,
546000,00000056,false,Rx,0,8,10,27,00,00,00,00,00,00,
546000,00000057,false,Rx,0,8,00,00,FE,FF,FE,FF,00,00,
573000,00000625,false,Rx,0,8,25,00,59,86,01,54,5C,06,
584000,000002C4,false,Rx,0,8,03,00,00,00,27,02,00,00,
585000,000002C5,false,Rx,0,8,00,00,00,00,00,00,00,00,
585000,000002C6,false,Rx,0,8,32,00,7C,01,00,00,00,00,
674000,00000625,false,Rx,0,8,25,00,59,86,01,54,5C,06,
0,00000054,false,Rx,0,8,00,00,FE,FF,58,02,00,00,
0,00000055,false,Rx,0,8,10,27,00,00,00,00,00,00,
747000,00000056,false,Rx,0,8,10,27,00,00,00,00,00,00,
747000,00000057,false,Rx,0,8,00,00,FE,FF,FE,FF,00,00,
774000,00000625,false,Rx,0,8,25,00,59,86,01,54,5C,06,
805000,000002C4,false,Rx,0,8,03,00,00,00,27,02,00,00,
0,000002C5,false,Rx,0,8,00,00,00,00,00,00,00,00,
0,000002C6,false,Rx,0,8,32,00,7C,01,00,00,00,00,
873000,00000625,false,Rx,0,8,25,00,59,86,01,54,5C,06,
946000,00000054,false,Rx,0,8,00,00,FE,FF,58,02,00,00,
946000,00000055,false,Rx,0,8,10,27,00,00,00,00,00,00,
946000,00000056,false,Rx,0,8,10,27,00,00,00,00,00,00,
947000,00000057,false,Rx,0,8,00,00,FE,FF,FE,FF,00,00,
974000,00000625,false,Rx,0,8,25,00,59,86,01,54,5C,06,
0,000002C4,false,Rx,0,8,03,00,00,00,27,02,00,00,
0,000002C5,false,Rx,0,8,00,00,00,00,00,00,00,00,
25000,000002C6,false,Rx,0,8,32,00,7C,01,00,00,00,00,
74000,00000625,false,Rx,0,8,25,00,59,86,01,54,5C,06,
0,00000054,false,Rx,0,8,00,00,FE,FF,58,02,00,00,
0,00000055,false,Rx,0,8,10,27,00,00,00,00,00,00,
146000,00000056,false,Rx,0,8,10,27,00,00,00,00,00,00,
146000,00000057,false,Rx,0,8,00,00,FE,FF,FE,FF,00,00,
173000,00000625,false,Rx,0,8,25,00,59,86,01,54,5C,06,
244000,000002C4,false,Rx,0,8,03,00,00,00,27,02,00,00,
244000,000002C5,false,Rx,0,8,00,00,00,00,00,00,00,00,
245000,000002C6,false,Rx,0,8,32,00,7C,01,00,00,00,00,
273000,00000625,false,Rx,0,8,25,00,59,86,01,54,5C,06,
0,00000054,false,Rx,0,8,00,00,FE,FF,58,02,00,00,
0,00000055,false,Rx,0,8,10,27,00,00,00,00,00,00,
346000,00000056,false,Rx,0,8,10,27,00,00,00,00,00,00,
346000,00000057,false,Rx,0,8,00,00,FE,FF,FE,FF,00,00,
374000,00000625,false,Rx,0,8,25,00,59,86,01,54,5C,06,
0,000002C4,false,Rx,0,8,03,00,00,00,27,02,00,00,
0,000002C5,false,Rx,0,8,00,00,00,00,00,00,00,00,
466000,000002C6,false,Rx,0,8,32,00,7C,01,00,00,00,00,
474000,00000625,false,Rx,0,8,25,00,59,86,01,54,5C,06,
545000,00000054,false,Rx,0,8,00,00,FE,FF,58,02,00,00,
0,00000055,false,Rx,0,8,10,27,00,00,00,00,00,00,
0,00000056,false,Rx,0,8,10,27,00,00,00,00,00,00,
546000,00000057,false,Rx,0,8,00,00,FE,FF,FE,FF,00,00,
573000,00000625,false,Rx,0,8,25,00,59,86,01,54,5C,06,
673000,00000625,false,Rx,0,8,25,00,59,86,01,54,5C,06,
685000,000002C4,false,Rx,0,8,03,00,00,00,27,02,00,00,
685000,000002C5,false,Rx,0,8,00,00,00,00,00,00,00,00,
685000,000002C6,false,Rx,0,8,32,00,7C,01,00,00,00,00,
746000,00000054,false,Rx,0,8,00,00,FE,FF,58,02,00,00,
746000,00000055,false,Rx,0,8,10,27,00,00,00,00,00,00,
746000,00000056,false,Rx,0,8,10,27,00,00,00,00,00,00,
747000,00000057,false,Rx,0,8,00,00,FE,FF,FE,FF,00,00,
774000,00000625,false,Rx,0,8,25,00,59,86,01,54,5C,06,
874000,00000625,false,Rx,0,8,25,00,59,86,01,54,5C,06,
0,000002C4,false,Rx,0,8,03,00,00,00,27,02,00,00,
0,000002C5,false,Rx,0,8,00,00,00,00,00,00,00,00,
905000,000002C6,false,Rx,0,8,32,00,7C,01,00,00,00,00,
946000,00000054,false,Rx,0,8,00,00,FE,FF,58,02,00,00,
946000,00000055,false,Rx,0,8,10,27,00,00,00,00,00,00,
946000,00000056,false,Rx,0,8,10,27,00,00,00,00,00,00,
947000,00000057,false,Rx,0,8,00,00,FE,FF,FE,FF,00,00,
974000,00000625,false,Rx,0,8,25,00,59,86,01,54,5C,06,
73000,00000625,false,Rx,0,8,25,00,59,86,01,54,5C,06,
124000,000002C4,false,Rx,0,8,03,00,00,00,27,02,00,00,
124000,000002C5,false,Rx,0,8,00,00,00,00,00,00,00,00,
124000,000002C6,false,Rx,0,8,32,00,7C,01,00,00,00,00,
0,00000054,false,Rx,0,8,00,00,FE,FF,58,02,00,00,
0,00000055,false,Rx,0,8,10,27,00,00,00,00,00,00,
146000,00000056,false,Rx,0,8,10,27,00,00,00,00,00,00,
146000,00000057,false,Rx,0,8,00,00,FE,FF,FE,FF,00,00,
173000,00000625,false,Rx,0,8,25,00,59,86,01,54,5C,06,
345000,000002C4,false,Rx,0,8,03,00,00,00,27,02,00,00,
345000,000002C5,false,Rx,0,8,00,00,00,00,00,00,00,00,
345000,000002C6,false,Rx,0,8,32,00,7C,01,00,00,00,00,
346000,00000054,false,Rx,0,8,00,00,FE,FF,58,02,00,00,
346000,00000055,false,Rx,0,8,10,27,00,00,00,00,00,00,
347000,00000056,false,Rx,0,8,10,27,00,00,00,00,00,00,
347000,00000057,false,Rx,0,8,00,00,FE,FF,FE,FF,00,00,
545000,00000054,false,Rx,0,8,00,00,FE,FF,58,02,00,00,
545000,00000055,false,Rx,0,8,10,27,00,00,00,00,00,00,
545000,00000056,false,Rx,0,8,10,27,00,00,00,00,00,00,
546000,00000057,false,Rx,0,8,00,00,FE,FF,FE,FF,00,00,
564000,000002C4,false,Rx,0,8,03,00,00,00,27,02,00,00,
564000,000002C5,false,Rx,0,8,00,00,00,00,00,00,00,00,
564000,000002C6,false,Rx,0,8,32,00,7C,01,00,00,00,00,
745000,00000054,false,Rx,0,8,00,00,FE,FF,58,02,00,00,
746000,00000055,false,Rx,0,8,10,27,00,00,00,00,00,00,
746000,00000056,false,Rx,0,8,10,27,00,00,00,00,00,00,
746000,00000057,false,Rx,0,8,00,00,FE,FF,FE,FF,00,00,
784000,000002C4,false,Rx,0,8,03,00,00,00,27,02,00,00,
785000,000002C5,false,Rx,0,8,00,00,00,00,00,00,00,00,
785000,000002C6,false,Rx,0,8,32,00,7C,01,00,00,00,00,
0,00000054,false,Rx,0,8,00,00,FE,FF,58,02,00,00,
0,00000055,false,Rx,0,8,10,27,00,00,00,00,00,00,
0,00000056,false,Rx,0,8,10,27,00,00,00,00,00,00,
947000,00000057,false,Rx,0,8,00,00,FE,FF,FE,FF,00,00,
5000,000002C4,false,Rx,0,8,03,00,00,00,27,02,00,00,
5000,000002C5,false,Rx,0,8,00,00,00,00,00,00,00,00,
5000,000002C6,false,Rx,0,8,32,00,7C,01,00,00,00,00,
146000,00000054,false,Rx,0,8,00,00,FE,FF,58,02,00,00,
146000,00000055,false,Rx,0,8,10,27,00,00,00,00,00,00,
146000,00000056,false,Rx,0,8,10,27,00,00,00,00,00,00,
147000,00000057,false,Rx,0,8,00,00,FE,FF,FE,FF,00,00,
